2015-10-08 00:00:00,"1021",27
2015-10-08 00:15:00,"1021",37
2015-10-08 00:30:00,"1021",27
2015-10-08 00:45:00,"1021",27
2015-10-08 01:00:00,"1021",30
2015-10-08 01:15:00,"1021",28
2015-10-08 01:30:00,"1021",28
2015-10-08 01:45:00,"1021",19
2015-10-08 02:00:00,"1021",17
2015-10-08 02:15:00,"1021",16
2015-10-08 02:30:00,"1021",16
2015-10-08 02:45:00,"1021",17
2015-10-08 03:00:00,"1021",10
2015-10-08 03:15:00,"1021",28
2015-10-08 03:30:00,"1021",11
2015-10-08 03:45:00,"1021",22
2015-10-08 04:00:00,"1021",17
2015-10-08 04:15:00,"1021",21
2015-10-08 04:30:00,"1021",17
2015-10-08 04:45:00,"1021",24
2015-10-08 05:00:00,"1021",29
2015-10-08 05:15:00,"1021",31
2015-10-08 05:30:00,"1021",22
2015-10-08 05:45:00,"1021",41
2015-10-08 06:00:00,"1021",40
2015-10-08 06:15:00,"1021",38
2015-10-08 06:30:00,"1021",50
2015-10-08 06:45:00,"1021",80
2015-10-08 07:00:00,"1021",80
2015-10-08 07:15:00,"1021",85
2015-10-08 07:30:00,"1021",102
2015-10-08 07:45:00,"1021",141
2015-10-08 08:00:00,"1021",147
2015-10-08 08:15:00,"1021",140
2015-10-08 08:30:00,"1021",168
2015-10-08 08:45:00,"1021",153
2015-10-08 09:00:00,"1021",204
2015-10-08 09:15:00,"1021",165
2015-10-08 09:30:00,"1021",176
2015-10-08 09:45:00,"1021",174
2015-10-08 10:00:00,"1021",181
2015-10-08 10:15:00,"1021",168
2015-10-08 10:30:00,"1021",157
2015-10-08 10:45:00,"1021",151
2015-10-08 11:00:00,"1021",117
2015-10-08 11:15:00,"1021",137
2015-10-08 11:30:00,"1021",143
2015-10-08 11:45:00,"1021",126
2015-10-08 12:00:00,"1021",170
2015-10-08 12:15:00,"1021",147
2015-10-08 12:30:00,"1021",135
2015-10-08 12:45:00,"1021",127
2015-10-08 13:00:00,"1021",145
2015-10-08 13:15:00,"1021",149
2015-10-08 13:30:00,"1021",149
2015-10-08 13:45:00,"1021",137
2015-10-08 14:00:00,"1021",153
2015-10-08 14:15:00,"1021",147
2015-10-08 14:30:00,"1021",138
2015-10-08 14:45:00,"1021",136
2015-10-08 15:00:00,"1021",104
2015-10-08 15:15:00,"1021",130
2015-10-08 15:30:00,"1021",115
2015-10-08 15:45:00,"1021",121
2015-10-08 16:00:00,"1021",117
2015-10-08 16:15:00,"1021",135
2015-10-08 16:30:00,"1021",131
2015-10-08 16:45:00,"1021",121
2015-10-08 17:00:00,"1021",145
2015-10-08 17:15:00,"1021",141
2015-10-08 17:30:00,"1021",157
2015-10-08 17:45:00,"1021",130
2015-10-08 18:00:00,"1021",152
2015-10-08 18:15:00,"1021",145
2015-10-08 18:30:00,"1021",174
2015-10-08 18:45:00,"1021",140
2015-10-08 19:00:00,"1021",182
2015-10-08 19:15:00,"1021",161
2015-10-08 19:30:00,"1021",181
2015-10-08 19:45:00,"1021",174
2015-10-08 20:00:00,"1021",137
2015-10-08 20:15:00,"1021",114
2015-10-08 20:30:00,"1021",142
2015-10-08 20:45:00,"1021",128
2015-10-08 21:00:00,"1021",93
2015-10-08 21:15:00,"1021",101
2015-10-08 21:30:00,"1021",95
2015-10-08 21:45:00,"1021",104
2015-10-08 22:00:00,"1021",88
2015-10-08 22:15:00,"1021",57
2015-10-08 22:30:00,"1021",44
2015-10-08 22:45:00,"1021",72
2015-10-08 23:00:00,"1021",44
2015-10-08 23:15:00,"1021",75
2015-10-08 23:30:00,"1021",51
2015-10-08 23:45:00,"1021",40
2015-10-09 00:00:00,"1021",33
2015-10-09 00:00:00,"1021",33
2015-10-09 00:15:00,"1021",36
2015-10-09 00:30:00,"1021",22
2015-10-09 00:45:00,"1021",26
2015-10-09 01:00:00,"1021",24
2015-10-09 01:15:00,"1021",22
2015-10-09 01:30:00,"1021",30
2015-10-09 01:45:00,"1021",20
2015-10-09 02:00:00,"1021",19
2015-10-09 02:15:00,"1021",10
2015-10-09 02:30:00,"1021",14
2015-10-09 02:45:00,"1021",20
2015-10-09 03:00:00,"1021",17
2015-10-09 03:15:00,"1021",15
2015-10-09 03:30:00,"1021",15
2015-10-09 03:45:00,"1021",17
2015-10-09 04:00:00,"1021",8
2015-10-09 04:15:00,"1021",21
2015-10-09 04:30:00,"1021",27
2015-10-09 04:45:00,"1021",20
2015-10-09 05:00:00,"1021",23
2015-10-09 05:15:00,"1021",28
2015-10-09 05:30:00,"1021",27
2015-10-09 05:45:00,"1021",38
2015-10-09 06:00:00,"1021",36
2015-10-09 06:15:00,"1021",39
2015-10-09 06:30:00,"1021",43
2015-10-09 06:45:00,"1021",68
2015-10-09 07:00:00,"1021",74
2015-10-09 07:15:00,"1021",83
2015-10-09 07:30:00,"1021",89
2015-10-09 07:45:00,"1021",125
2015-10-09 08:00:00,"1021",136
2015-10-09 08:15:00,"1021",132
2015-10-09 08:30:00,"1021",147
2015-10-09 08:45:00,"1021",136
2015-10-09 09:00:00,"1021",167
2015-10-09 09:15:00,"1021",153
2015-10-09 09:30:00,"1021",142
2015-10-09 09:45:00,"1021",151
2015-10-09 10:00:00,"1021",168
2015-10-09 10:15:00,"1021",153
2015-10-09 10:30:00,"1021",177
2015-10-09 10:45:00,"1021",169
2015-10-09 11:00:00,"1021",148
2015-10-09 11:15:00,"1021",145
2015-10-09 11:30:00,"1021",197
2015-10-09 11:45:00,"1021",197
2015-10-09 12:00:00,"1021",174
2015-10-09 12:15:00,"1021",206
2015-10-09 12:30:00,"1021",176
2015-10-09 12:45:00,"1021",204
2015-10-09 13:00:00,"1021",224
2015-10-09 13:15:00,"1021",202
2015-10-09 13:30:00,"1021",199
2015-10-09 13:45:00,"1021",210
2015-10-09 14:00:00,"1021",206
2015-10-09 14:15:00,"1021",207
2015-10-09 14:30:00,"1021",168
2015-10-09 14:45:00,"1021",186
2015-10-09 15:00:00,"1021",179
2015-10-09 15:15:00,"1021",165
2015-10-09 15:30:00,"1021",167
2015-10-09 15:45:00,"1021",192
2015-10-09 16:00:00,"1021",210
2015-10-09 16:15:00,"1021",238
2015-10-09 16:30:00,"1021",241
2015-10-09 16:45:00,"1021",271
2015-10-09 17:00:00,"1021",286
2015-10-09 17:15:00,"1021",336
2015-10-09 17:30:00,"1021",304
2015-10-09 17:45:00,"1021",307
2015-10-09 18:00:00,"1021",313
2015-10-09 18:15:00,"1021",351
2015-10-09 18:30:00,"1021",348
2015-10-09 18:45:00,"1021",396
2015-10-09 19:00:00,"1021",348
2015-10-09 19:15:00,"1021",347
2015-10-09 19:30:00,"1021",341
2015-10-09 19:45:00,"1021",342
2015-10-09 20:00:00,"1021",300
2015-10-09 20:15:00,"1021",291
2015-10-09 20:30:00,"1021",273
2015-10-09 20:45:00,"1021",276
2015-10-09 21:00:00,"1021",229
2015-10-09 21:15:00,"1021",211
2015-10-09 21:30:00,"1021",207
2015-10-09 21:45:00,"1021",181
2015-10-09 22:00:00,"1021",184
2015-10-09 22:15:00,"1021",162
2015-10-09 22:30:00,"1021",115
2015-10-09 22:45:00,"1021",120
2015-10-09 23:00:00,"1021",131
2015-10-09 23:15:00,"1021",111
2015-10-09 23:30:00,"1021",90
2015-10-09 23:45:00,"1021",74
2015-10-10 00:00:00,"1021",81
2015-10-10 00:00:00,"1021",81
2015-10-10 00:15:00,"1021",65
2015-10-10 00:30:00,"1021",44
2015-10-10 00:45:00,"1021",42
2015-10-10 01:00:00,"1021",44
2015-10-10 01:15:00,"1021",45
2015-10-10 01:30:00,"1021",30
2015-10-10 01:45:00,"1021",42
2015-10-10 02:00:00,"1021",29
2015-10-10 02:15:00,"1021",18
2015-10-10 02:30:00,"1021",19
2015-10-10 02:45:00,"1021",19
2015-10-10 03:00:00,"1021",24
2015-10-10 03:15:00,"1021",35
2015-10-10 03:30:00,"1021",15
2015-10-10 03:45:00,"1021",21
2015-10-10 04:00:00,"1021",16
2015-10-10 04:15:00,"1021",16
2015-10-10 04:30:00,"1021",28
2015-10-10 04:45:00,"1021",19
2015-10-10 05:00:00,"1021",23
2015-10-10 05:15:00,"1021",23
2015-10-10 05:30:00,"1021",26
2015-10-10 05:45:00,"1021",28
2015-10-10 06:00:00,"1021",17
2015-10-10 06:15:00,"1021",31
2015-10-10 06:30:00,"1021",31
2015-10-10 06:45:00,"1021",44
2015-10-10 07:00:00,"1021",47
2015-10-10 07:15:00,"1021",41
2015-10-10 07:30:00,"1021",69
2015-10-10 07:45:00,"1021",84
2015-10-10 08:00:00,"1021",68
2015-10-10 08:15:00,"1021",83
2015-10-10 08:30:00,"1021",93
2015-10-10 08:45:00,"1021",95
2015-10-10 09:00:00,"1021",112
2015-10-10 09:15:00,"1021",123
2015-10-10 09:30:00,"1021",127
2015-10-10 09:45:00,"1021",135
2015-10-10 10:00:00,"1021",179
2015-10-10 10:15:00,"1021",199
2015-10-10 10:30:00,"1021",230
2015-10-10 10:45:00,"1021",234
2015-10-10 11:00:00,"1021",268
2015-10-10 11:15:00,"1021",271
2015-10-10 11:30:00,"1021",264
2015-10-10 11:45:00,"1021",288
2015-10-10 12:00:00,"1021",336
2015-10-10 12:15:00,"1021",269
2015-10-10 12:30:00,"1021",298
2015-10-10 12:45:00,"1021",276
2015-10-10 13:00:00,"1021",272
2015-10-10 13:15:00,"1021",223
2015-10-10 13:30:00,"1021",265
2015-10-10 13:45:00,"1021",252
2015-10-10 14:00:00,"1021",228
2015-10-10 14:15:00,"1021",192
2015-10-10 14:30:00,"1021",165
2015-10-10 14:45:00,"1021",145
2015-10-10 15:00:00,"1021",111
2015-10-10 15:15:00,"1021",158
2015-10-10 15:30:00,"1021",140
2015-10-10 15:45:00,"1021",143
2015-10-10 16:00:00,"1021",149
2015-10-10 16:15:00,"1021",145
2015-10-10 16:30:00,"1021",147
2015-10-10 16:45:00,"1021",164
2015-10-10 17:00:00,"1021",144
2015-10-10 17:15:00,"1021",177
2015-10-10 17:30:00,"1021",172
2015-10-10 17:45:00,"1021",187
2015-10-10 18:00:00,"1021",168
2015-10-10 18:15:00,"1021",146
2015-10-10 18:30:00,"1021",141
2015-10-10 18:45:00,"1021",150
2015-10-10 19:00:00,"1021",118
2015-10-10 19:15:00,"1021",138
2015-10-10 19:30:00,"1021",120
2015-10-10 19:45:00,"1021",140
2015-10-10 20:00:00,"1021",139
2015-10-10 20:15:00,"1021",151
2015-10-10 20:30:00,"1021",129
2015-10-10 20:45:00,"1021",108
2015-10-10 21:00:00,"1021",113
2015-10-10 21:15:00,"1021",97
2015-10-10 21:30:00,"1021",104
2015-10-10 21:45:00,"1021",84
2015-10-10 22:00:00,"1021",86
2015-10-10 22:15:00,"1021",84
2015-10-10 22:30:00,"1021",55
2015-10-10 22:45:00,"1021",45
2015-10-10 23:00:00,"1021",59
2015-10-10 23:15:00,"1021",61
2015-10-10 23:30:00,"1021",36
2015-10-10 23:45:00,"1021",40
2015-10-11 00:00:00,"1021",39
2015-10-11 00:00:00,"1021",39
2015-10-11 00:15:00,"1021",40
2015-10-11 00:30:00,"1021",45
2015-10-11 00:45:00,"1021",37
2015-10-11 01:00:00,"1021",34
2015-10-11 01:15:00,"1021",20
2015-10-11 01:30:00,"1021",24
2015-10-11 01:45:00,"1021",21
2015-10-11 02:00:00,"1021",34
2015-10-11 02:15:00,"1021",19
2015-10-11 02:30:00,"1021",22
2015-10-11 02:45:00,"1021",13
2015-10-11 03:00:00,"1021",13
2015-10-11 03:15:00,"1021",14
2015-10-11 03:30:00,"1021",4
2015-10-11 03:45:00,"1021",11
2015-10-11 04:00:00,"1021",6
2015-10-11 04:15:00,"1021",16
2015-10-11 04:30:00,"1021",15
2015-10-11 04:45:00,"1021",10
2015-10-11 05:00:00,"1021",18
2015-10-11 05:15:00,"1021",20
2015-10-11 05:30:00,"1021",12
2015-10-11 05:45:00,"1021",18
2015-10-11 06:00:00,"1021",16
2015-10-11 06:15:00,"1021",11
2015-10-11 06:30:00,"1021",18
2015-10-11 06:45:00,"1021",16
2015-10-11 07:00:00,"1021",18
2015-10-11 07:15:00,"1021",17
2015-10-11 07:30:00,"1021",26
2015-10-11 07:45:00,"1021",48
2015-10-11 08:00:00,"1021",47
2015-10-11 08:15:00,"1021",42
2015-10-11 08:30:00,"1021",65
2015-10-11 08:45:00,"1021",55
2015-10-11 09:00:00,"1021",53
2015-10-11 09:15:00,"1021",53
2015-10-11 09:30:00,"1021",91
2015-10-11 09:45:00,"1021",85
2015-10-11 10:00:00,"1021",103
2015-10-11 10:15:00,"1021",115
2015-10-11 10:30:00,"1021",130
2015-10-11 10:45:00,"1021",134
2015-10-11 11:00:00,"1021",143
2015-10-11 11:15:00,"1021",179
2015-10-11 11:30:00,"1021",182
2015-10-11 11:45:00,"1021",238
2015-10-11 12:00:00,"1021",200
2015-10-11 12:15:00,"1021",218
2015-10-11 12:30:00,"1021",229
2015-10-11 12:45:00,"1021",201
2015-10-11 13:00:00,"1021",242
2015-10-11 13:15:00,"1021",181
2015-10-11 13:30:00,"1021",186
2015-10-11 13:45:00,"1021",219
2015-10-11 14:00:00,"1021",165
2015-10-11 14:15:00,"1021",147
2015-10-11 14:30:00,"1021",126
2015-10-11 14:45:00,"1021",112
2015-10-11 15:00:00,"1021",95
2015-10-11 15:15:00,"1021",109
2015-10-11 15:30:00,"1021",99
2015-10-11 15:45:00,"1021",112
2015-10-11 16:00:00,"1021",105
2015-10-11 16:15:00,"1021",116
2015-10-11 16:30:00,"1021",122
2015-10-11 16:45:00,"1021",146
2015-10-11 17:00:00,"1021",133
2015-10-11 17:15:00,"1021",141
2015-10-11 17:30:00,"1021",175
2015-10-11 17:45:00,"1021",160
2015-10-11 18:00:00,"1021",164
2015-10-11 18:15:00,"1021",164
2015-10-11 18:30:00,"1021",186
2015-10-11 18:45:00,"1021",185
2015-10-11 19:00:00,"1021",173
2015-10-11 19:15:00,"1021",156
2015-10-11 19:30:00,"1021",160
2015-10-11 19:45:00,"1021",169
2015-10-11 20:00:00,"1021",160
2015-10-11 20:15:00,"1021",135
2015-10-11 20:30:00,"1021",120
2015-10-11 20:45:00,"1021",122
2015-10-11 21:00:00,"1021",119
2015-10-11 21:15:00,"1021",103
2015-10-11 21:30:00,"1021",92
2015-10-11 21:45:00,"1021",71
2015-10-11 22:00:00,"1021",76
2015-10-11 22:15:00,"1021",68
2015-10-11 22:30:00,"1021",60
2015-10-11 22:45:00,"1021",54
2015-10-11 23:00:00,"1021",53
2015-10-11 23:15:00,"1021",48
2015-10-11 23:30:00,"1021",33
2015-10-11 23:45:00,"1021",28
2015-10-12 00:00:00,"1021",36
2015-10-12 00:00:00,"1021",36
2015-10-12 00:15:00,"1021",32
2015-10-12 00:30:00,"1021",38
2015-10-12 00:45:00,"1021",30
2015-10-12 01:00:00,"1021",23
2015-10-12 01:15:00,"1021",22
2015-10-12 01:30:00,"1021",15
2015-10-12 01:45:00,"1021",22
2015-10-12 02:00:00,"1021",17
2015-10-12 02:15:00,"1021",12
2015-10-12 02:30:00,"1021",25
2015-10-12 02:45:00,"1021",18
2015-10-12 03:00:00,"1021",10
2015-10-12 03:15:00,"1021",20
2015-10-12 03:30:00,"1021",5
2015-10-12 03:45:00,"1021",19
2015-10-12 04:00:00,"1021",9
2015-10-12 04:15:00,"1021",16
2015-10-12 04:30:00,"1021",13
2015-10-12 04:45:00,"1021",10
2015-10-12 05:00:00,"1021",13
2015-10-12 05:15:00,"1021",11
2015-10-12 05:30:00,"1021",10
2015-10-12 05:45:00,"1021",17
2015-10-12 06:00:00,"1021",14
2015-10-12 06:15:00,"1021",15
2015-10-12 06:30:00,"1021",16
2015-10-12 06:45:00,"1021",26
2015-10-12 07:00:00,"1021",19
2015-10-12 07:15:00,"1021",27
2015-10-12 07:30:00,"1021",22
2015-10-12 07:45:00,"1021",41
2015-10-12 08:00:00,"1021",47
2015-10-12 08:15:00,"1021",43
2015-10-12 08:30:00,"1021",61
2015-10-12 08:45:00,"1021",46
2015-10-12 09:00:00,"1021",76
2015-10-12 09:15:00,"1021",66
2015-10-12 09:30:00,"1021",91
2015-10-12 09:45:00,"1021",108
2015-10-12 10:00:00,"1021",119
2015-10-12 10:15:00,"1021",149
2015-10-12 10:30:00,"1021",160
2015-10-12 10:45:00,"1021",172
2015-10-12 11:00:00,"1021",221
2015-10-12 11:15:00,"1021",294
2015-10-12 11:30:00,"1021",283
2015-10-12 11:45:00,"1021",309
2015-10-12 12:00:00,"1021",319
2015-10-12 12:15:00,"1021",347
2015-10-12 12:30:00,"1021",360
2015-10-12 12:45:00,"1021",441
2015-10-12 13:00:00,"1021",425
2015-10-12 13:15:00,"1021",394
2015-10-12 13:30:00,"1021",422
2015-10-12 13:45:00,"1021",416
2015-10-12 14:00:00,"1021",340
2015-10-12 14:15:00,"1021",352
2015-10-12 14:30:00,"1021",327
2015-10-12 14:45:00,"1021",301
2015-10-12 15:00:00,"1021",223
2015-10-12 15:15:00,"1021",245
2015-10-12 15:30:00,"1021",258
2015-10-12 15:45:00,"1021",272
2015-10-12 16:00:00,"1021",304
2015-10-12 16:15:00,"1021",313
2015-10-12 16:30:00,"1021",345
2015-10-12 16:45:00,"1021",408
2015-10-12 17:00:00,"1021",435
2015-10-12 17:15:00,"1021",451
2015-10-12 17:30:00,"1021",474
2015-10-12 17:45:00,"1021",485
2015-10-12 18:00:00,"1021",529
2015-10-12 18:15:00,"1021",524
2015-10-12 18:30:00,"1021",517
2015-10-12 18:45:00,"1021",537
2015-10-12 19:00:00,"1021",554
2015-10-12 19:15:00,"1021",516
2015-10-12 19:30:00,"1021",428
2015-10-12 19:45:00,"1021",396
2015-10-12 20:00:00,"1021",378
2015-10-12 20:15:00,"1021",371
2015-10-12 20:30:00,"1021",298
2015-10-12 20:45:00,"1021",279
2015-10-12 21:00:00,"1021",245
2015-10-12 21:15:00,"1021",206
2015-10-12 21:30:00,"1021",193
2015-10-12 21:45:00,"1021",160
2015-10-12 22:00:00,"1021",133
2015-10-12 22:15:00,"1021",125
2015-10-12 22:30:00,"1021",94
2015-10-12 22:45:00,"1021",84
2015-10-12 23:00:00,"1021",78
2015-10-12 23:15:00,"1021",73
2015-10-12 23:30:00,"1021",72
2015-10-12 23:45:00,"1021",54
2015-10-13 00:00:00,"1021",45
2015-10-13 00:00:00,"1021",45
2015-10-13 00:15:00,"1021",40
2015-10-13 00:30:00,"1021",43
2015-10-13 00:45:00,"1021",28
2015-10-13 01:00:00,"1021",40
2015-10-13 01:15:00,"1021",32
2015-10-13 01:30:00,"1021",11
2015-10-13 01:45:00,"1021",27
2015-10-13 02:00:00,"1021",19
2015-10-13 02:15:00,"1021",16
2015-10-13 02:30:00,"1021",22
2015-10-13 02:45:00,"1021",14
2015-10-13 03:00:00,"1021",12
2015-10-13 03:15:00,"1021",15
2015-10-13 03:30:00,"1021",14
2015-10-13 03:45:00,"1021",16
2015-10-13 04:00:00,"1021",19
2015-10-13 04:15:00,"1021",12
2015-10-13 04:30:00,"1021",17
2015-10-13 04:45:00,"1021",26
2015-10-13 05:00:00,"1021",23
2015-10-13 05:15:00,"1021",27
2015-10-13 05:30:00,"1021",20
2015-10-13 05:45:00,"1021",41
2015-10-13 06:00:00,"1021",39
2015-10-13 06:15:00,"1021",61
2015-10-13 06:30:00,"1021",69
2015-10-13 06:45:00,"1021",81
2015-10-13 07:00:00,"1021",91
2015-10-13 07:15:00,"1021",119
2015-10-13 07:30:00,"1021",180
2015-10-13 07:45:00,"1021",170
2015-10-13 08:00:00,"1021",176
2015-10-13 08:15:00,"1021",173
2015-10-13 08:30:00,"1021",177
2015-10-13 08:45:00,"1021",183
2015-10-13 09:00:00,"1021",160
2015-10-13 09:15:00,"1021",181
2015-10-13 09:30:00,"1021",149
2015-10-13 09:45:00,"1021",178
2015-10-13 10:00:00,"1021",166
2015-10-13 10:15:00,"1021",193
2015-10-13 10:30:00,"1021",158
2015-10-13 10:45:00,"1021",158
2015-10-13 11:00:00,"1021",164
2015-10-13 11:15:00,"1021",163
2015-10-13 11:30:00,"1021",176
2015-10-13 11:45:00,"1021",196
2015-10-13 12:00:00,"1021",186
2015-10-13 12:15:00,"1021",159
2015-10-13 12:30:00,"1021",166
2015-10-13 12:45:00,"1021",166
2015-10-13 13:00:00,"1021",187
2015-10-13 13:15:00,"1021",191
2015-10-13 13:30:00,"1021",166
2015-10-13 13:45:00,"1021",175
2015-10-13 14:00:00,"1021",183
2015-10-13 14:15:00,"1021",184
2015-10-13 14:30:00,"1021",140
2015-10-13 14:45:00,"1021",132
2015-10-13 15:00:00,"1021",135
2015-10-13 15:15:00,"1021",125
2015-10-13 15:30:00,"1021",130
2015-10-13 15:45:00,"1021",103
2015-10-13 16:00:00,"1021",157
2015-10-13 16:15:00,"1021",99
2015-10-13 16:30:00,"1021",125
2015-10-13 16:45:00,"1021",125
2015-10-13 17:00:00,"1021",138
2015-10-13 17:15:00,"1021",146
2015-10-13 17:30:00,"1021",135
2015-10-13 17:45:00,"1021",137
2015-10-13 18:00:00,"1021",148
2015-10-13 18:15:00,"1021",141
2015-10-13 18:30:00,"1021",126
2015-10-13 18:45:00,"1021",121
2015-10-13 19:00:00,"1021",138
2015-10-13 19:15:00,"1021",136
2015-10-13 19:30:00,"1021",131
2015-10-13 19:45:00,"1021",103
2015-10-13 20:00:00,"1021",102
2015-10-13 20:15:00,"1021",115
2015-10-13 20:30:00,"1021",98
2015-10-13 20:45:00,"1021",89
2015-10-13 21:00:00,"1021",102
2015-10-13 21:15:00,"1021",74
2015-10-13 21:30:00,"1021",83
2015-10-13 21:45:00,"1021",61
2015-10-13 22:00:00,"1021",59
2015-10-13 22:15:00,"1021",49
2015-10-13 22:30:00,"1021",51
2015-10-13 22:45:00,"1021",45
2015-10-13 23:00:00,"1021",44
2015-10-13 23:15:00,"1021",43
2015-10-13 23:30:00,"1021",44
2015-10-13 23:45:00,"1021",23
2015-10-14 00:00:00,"1021",28
2015-10-14 00:00:00,"1021",28
2015-10-14 00:15:00,"1021",27
2015-10-14 00:30:00,"1021",31
2015-10-14 00:45:00,"1021",28
2015-10-14 01:00:00,"1021",13
2015-10-14 01:15:00,"1021",22
2015-10-14 01:30:00,"1021",21
2015-10-14 01:45:00,"1021",9
2015-10-14 02:00:00,"1021",9
2015-10-14 02:15:00,"1021",16
2015-10-14 02:30:00,"1021",16
2015-10-14 02:45:00,"1021",24
2015-10-14 03:00:00,"1021",19
2015-10-14 03:15:00,"1021",12
2015-10-14 03:30:00,"1021",22
2015-10-14 03:45:00,"1021",19
2015-10-14 04:00:00,"1021",16
2015-10-14 04:15:00,"1021",17
2015-10-14 04:30:00,"1021",11
2015-10-14 04:45:00,"1021",26
2015-10-14 05:00:00,"1021",22
2015-10-14 05:15:00,"1021",30
2015-10-14 05:30:00,"1021",19
2015-10-14 05:45:00,"1021",48
2015-10-14 06:00:00,"1021",55
2015-10-14 06:15:00,"1021",40
2015-10-14 06:30:00,"1021",56
2015-10-14 06:45:00,"1021",59
2015-10-14 07:00:00,"1021",69
2015-10-14 07:15:00,"1021",83
2015-10-14 07:30:00,"1021",104
2015-10-14 07:45:00,"1021",161
2015-10-14 08:00:00,"1021",149
2015-10-14 08:15:00,"1021",145
2015-10-14 08:30:00,"1021",164
2015-10-14 08:45:00,"1021",164
2015-10-14 09:00:00,"1021",165
2015-10-14 09:15:00,"1021",185
2015-10-14 09:30:00,"1021",153
2015-10-14 09:45:00,"1021",154
2015-10-14 10:00:00,"1021",156
2015-10-14 10:15:00,"1021",156
2015-10-14 10:30:00,"1021",159
2015-10-14 10:45:00,"1021",153
2015-10-14 11:00:00,"1021",170
2015-10-14 11:15:00,"1021",130
2015-10-14 11:30:00,"1021",140
2015-10-14 11:45:00,"1021",149
2015-10-14 12:00:00,"1021",130
2015-10-14 12:15:00,"1021",164
2015-10-14 12:30:00,"1021",157
2015-10-14 12:45:00,"1021",138
2015-10-14 13:00:00,"1021",160
2015-10-14 13:15:00,"1021",146
2015-10-14 13:30:00,"1021",140
2015-10-14 13:45:00,"1021",162
2015-10-14 14:00:00,"1021",132
2015-10-14 14:15:00,"1021",134
2015-10-14 14:30:00,"1021",127
2015-10-14 14:45:00,"1021",112
2015-10-14 15:00:00,"1021",126
2015-10-14 15:15:00,"1021",132
2015-10-14 15:30:00,"1021",127
2015-10-14 15:45:00,"1021",119
2015-10-14 16:00:00,"1021",102
2015-10-14 16:15:00,"1021",128
2015-10-14 16:30:00,"1021",134
2015-10-14 16:45:00,"1021",156
2015-10-14 17:00:00,"1021",113
2015-10-14 17:15:00,"1021",128
2015-10-14 17:30:00,"1021",135
2015-10-14 17:45:00,"1021",127
2015-10-14 18:00:00,"1021",137
2015-10-14 18:15:00,"1021",130
2015-10-14 18:30:00,"1021",136
2015-10-14 18:45:00,"1021",120
2015-10-14 19:00:00,"1021",120
2015-10-14 19:15:00,"1021",134
2015-10-14 19:30:00,"1021",127
2015-10-14 19:45:00,"1021",129
2015-10-14 20:00:00,"1021",136
2015-10-14 20:15:00,"1021",85
2015-10-14 20:30:00,"1021",117
2015-10-14 20:45:00,"1021",79
2015-10-14 21:00:00,"1021",94
2015-10-14 21:15:00,"1021",84
2015-10-14 21:30:00,"1021",81
2015-10-14 21:45:00,"1021",79
2015-10-14 22:00:00,"1021",60
2015-10-14 22:15:00,"1021",65
2015-10-14 22:30:00,"1021",45
2015-10-14 22:45:00,"1021",55
2015-10-14 23:00:00,"1021",37
2015-10-14 23:15:00,"1021",28
2015-10-14 23:30:00,"1021",27
2015-10-14 23:45:00,"1021",29
2015-10-15 00:00:00,"1021",33
2015-10-15 00:00:00,"1021",33
2015-10-15 00:15:00,"1021",42
2015-10-15 00:30:00,"1021",28
2015-10-15 00:45:00,"1021",24
2015-10-15 01:00:00,"1021",28
2015-10-15 01:15:00,"1021",30
2015-10-15 01:30:00,"1021",32
2015-10-15 01:45:00,"1021",15
2015-10-15 02:00:00,"1021",15
2015-10-15 02:15:00,"1021",12
2015-10-15 02:30:00,"1021",16
2015-10-15 02:45:00,"1021",14
2015-10-15 03:00:00,"1021",18
2015-10-15 03:15:00,"1021",17
2015-10-15 03:30:00,"1021",12
2015-10-15 03:45:00,"1021",15
2015-10-15 04:00:00,"1021",28
2015-10-15 04:15:00,"1021",17
2015-10-15 04:30:00,"1021",24
2015-10-15 04:45:00,"1021",21
2015-10-15 05:00:00,"1021",27
2015-10-15 05:15:00,"1021",21
2015-10-15 05:30:00,"1021",36
2015-10-15 05:45:00,"1021",25
2015-10-15 06:00:00,"1021",37
2015-10-15 06:15:00,"1021",45
2015-10-15 06:30:00,"1021",50
2015-10-15 06:45:00,"1021",67
2015-10-15 07:00:00,"1021",74
2015-10-15 07:15:00,"1021",80
2015-10-15 07:30:00,"1021",98
2015-10-15 07:45:00,"1021",146
2015-10-15 08:00:00,"1021",142
2015-10-15 08:15:00,"1021",170
2015-10-15 08:30:00,"1021",171
2015-10-15 08:45:00,"1021",149
2015-10-15 09:00:00,"1021",171
2015-10-15 09:15:00,"1021",153
2015-10-15 09:30:00,"1021",67
2015-10-15 09:45:00,"1021",186
2015-10-15 10:00:00,"1021",167
2015-10-15 10:15:00,"1021",135
2015-10-15 10:30:00,"1021",148
2015-10-15 10:45:00,"1021",122
2015-10-15 11:00:00,"1021",134
2015-10-15 11:15:00,"1021",139
2015-10-15 11:30:00,"1021",143
2015-10-15 11:45:00,"1021",145
2015-10-15 12:00:00,"1021",130
2015-10-15 12:15:00,"1021",146
2015-10-15 12:30:00,"1021",147
2015-10-15 12:45:00,"1021",154
2015-10-15 13:00:00,"1021",130
2015-10-15 13:15:00,"1021",133
2015-10-15 13:30:00,"1021",138
2015-10-15 13:45:00,"1021",169
2015-10-15 14:00:00,"1021",145
2015-10-15 14:15:00,"1021",134
2015-10-15 14:30:00,"1021",141
2015-10-15 14:45:00,"1021",121
2015-10-15 15:00:00,"1021",112
2015-10-15 15:15:00,"1021",125
2015-10-15 15:30:00,"1021",117
2015-10-15 15:45:00,"1021",119
2015-10-15 16:00:00,"1021",140
2015-10-15 16:15:00,"1021",120
2015-10-15 16:30:00,"1021",155
2015-10-15 16:45:00,"1021",126
2015-10-15 17:00:00,"1021",134
2015-10-15 17:15:00,"1021",133
2015-10-15 17:30:00,"1021",143
2015-10-15 17:45:00,"1021",123
2015-10-15 18:00:00,"1021",133
2015-10-15 18:15:00,"1021",122
2015-10-15 18:30:00,"1021",137
2015-10-15 18:45:00,"1021",140
2015-10-15 19:00:00,"1021",128
2015-10-15 19:15:00,"1021",111
2015-10-15 19:30:00,"1021",127
2015-10-15 19:45:00,"1021",132
2015-10-15 20:00:00,"1021",132
2015-10-15 20:15:00,"1021",120
2015-10-15 20:30:00,"1021",123
2015-10-15 20:45:00,"1021",106
2015-10-15 21:00:00,"1021",112
2015-10-15 21:15:00,"1021",83
2015-10-15 21:30:00,"1021",74
2015-10-15 21:45:00,"1021",63
2015-10-15 22:00:00,"1021",73
2015-10-15 22:15:00,"1021",58
2015-10-15 22:30:00,"1021",59
2015-10-15 22:45:00,"1021",47
2015-10-15 23:00:00,"1021",58
2015-10-15 23:15:00,"1021",47
2015-10-15 23:30:00,"1021",31
2015-10-15 23:45:00,"1021",34
2015-10-16 00:00:00,"1021",45
2015-10-16 00:00:00,"1021",45
2015-10-16 00:15:00,"1021",33
2015-10-16 00:30:00,"1021",35
2015-10-16 00:45:00,"1021",27
2015-10-16 01:00:00,"1021",24
2015-10-16 01:15:00,"1021",22
2015-10-16 01:30:00,"1021",20
2015-10-16 01:45:00,"1021",35
2015-10-16 02:00:00,"1021",14
2015-10-16 02:15:00,"1021",9
2015-10-16 02:30:00,"1021",19
2015-10-16 02:45:00,"1021",16
2015-10-16 03:00:00,"1021",17
2015-10-16 03:15:00,"1021",16
2015-10-16 03:30:00,"1021",23
2015-10-16 03:45:00,"1021",18
2015-10-16 04:00:00,"1021",18
2015-10-16 04:15:00,"1021",18
2015-10-16 04:30:00,"1021",15
2015-10-16 04:45:00,"1021",13
2015-10-16 05:00:00,"1021",25
2015-10-16 05:15:00,"1021",26
2015-10-16 05:30:00,"1021",25
2015-10-16 05:45:00,"1021",35
2015-10-16 06:00:00,"1021",33
2015-10-16 06:15:00,"1021",34
2015-10-16 06:30:00,"1021",46
2015-10-16 06:45:00,"1021",73
2015-10-16 07:00:00,"1021",58
2015-10-16 07:15:00,"1021",85
2015-10-16 07:30:00,"1021",106
2015-10-16 07:45:00,"1021",129
2015-10-16 08:00:00,"1021",157
2015-10-16 08:15:00,"1021",150
2015-10-16 08:30:00,"1021",134
2015-10-16 08:45:00,"1021",143
2015-10-16 09:00:00,"1021",154
2015-10-16 09:15:00,"1021",129
2015-10-16 09:30:00,"1021",120
2015-10-16 09:45:00,"1021",125
2015-10-16 10:00:00,"1021",131
2015-10-16 10:15:00,"1021",131
2015-10-16 10:30:00,"1021",140
2015-10-16 10:45:00,"1021",147
2015-10-16 11:00:00,"1021",142
2015-10-16 11:15:00,"1021",156
2015-10-16 11:30:00,"1021",122
2015-10-16 11:45:00,"1021",157
2015-10-16 12:00:00,"1021",172
2015-10-16 12:15:00,"1021",161
2015-10-16 12:30:00,"1021",140
2015-10-16 12:45:00,"1021",165
2015-10-16 13:00:00,"1021",155
2015-10-16 13:15:00,"1021",163
2015-10-16 13:30:00,"1021",159
2015-10-16 13:45:00,"1021",190
2015-10-16 14:00:00,"1021",164
2015-10-16 14:15:00,"1021",160
2015-10-16 14:30:00,"1021",129
2015-10-16 14:45:00,"1021",138
2015-10-16 15:00:00,"1021",145
2015-10-16 15:15:00,"1021",167
2015-10-16 15:30:00,"1021",160
2015-10-16 15:45:00,"1021",178
2015-10-16 16:00:00,"1021",182
2015-10-16 16:15:00,"1021",198
2015-10-16 16:30:00,"1021",221
2015-10-16 16:45:00,"1021",209
2015-10-16 17:00:00,"1021",212
2015-10-16 17:15:00,"1021",221
2015-10-16 17:30:00,"1021",214
2015-10-16 17:45:00,"1021",204
2015-10-16 18:00:00,"1021",234
2015-10-16 18:15:00,"1021",204
2015-10-16 18:30:00,"1021",218
2015-10-16 18:45:00,"1021",213
2015-10-16 19:00:00,"1021",231
2015-10-16 19:15:00,"1021",220
2015-10-16 19:30:00,"1021",224
2015-10-16 19:45:00,"1021",215
2015-10-16 20:00:00,"1021",195
2015-10-16 20:15:00,"1021",183
2015-10-16 20:30:00,"1021",178
2015-10-16 20:45:00,"1021",176
2015-10-16 21:00:00,"1021",164
2015-10-16 21:15:00,"1021",128
2015-10-16 21:30:00,"1021",136
2015-10-16 21:45:00,"1021",142
2015-10-16 22:00:00,"1021",91
2015-10-16 22:15:00,"1021",87
2015-10-16 22:30:00,"1021",72
2015-10-16 22:45:00,"1021",63
2015-10-16 23:00:00,"1021",63
2015-10-16 23:15:00,"1021",65
2015-10-16 23:30:00,"1021",48
2015-10-16 23:45:00,"1021",47
2015-10-17 00:00:00,"1021",44
2015-10-17 00:00:00,"1021",44
2015-10-17 00:15:00,"1021",27
2015-10-17 00:30:00,"1021",45
2015-10-17 00:45:00,"1021",42
2015-10-17 01:00:00,"1021",33
2015-10-17 01:15:00,"1021",24
2015-10-17 01:30:00,"1021",21
2015-10-17 01:45:00,"1021",19
2015-10-17 02:00:00,"1021",24
2015-10-17 02:15:00,"1021",24
2015-10-17 02:30:00,"1021",18
2015-10-17 02:45:00,"1021",17
2015-10-17 03:00:00,"1021",17
2015-10-17 03:15:00,"1021",21
2015-10-17 03:30:00,"1021",16
2015-10-17 03:45:00,"1021",20
2015-10-17 04:00:00,"1021",18
2015-10-17 04:15:00,"1021",16
2015-10-17 04:30:00,"1021",18
2015-10-17 04:45:00,"1021",18
2015-10-17 05:00:00,"1021",18
2015-10-17 05:15:00,"1021",14
2015-10-17 05:30:00,"1021",21
2015-10-17 05:45:00,"1021",31
2015-10-17 06:00:00,"1021",24
2015-10-17 06:15:00,"1021",29
2015-10-17 06:30:00,"1021",29
2015-10-17 06:45:00,"1021",26
2015-10-17 07:00:00,"1021",66
2015-10-17 07:15:00,"1021",65
2015-10-17 07:30:00,"1021",75
2015-10-17 07:45:00,"1021",110
2015-10-17 08:00:00,"1021",82
2015-10-17 08:15:00,"1021",129
2015-10-17 08:30:00,"1021",99
2015-10-17 08:45:00,"1021",93
2015-10-17 09:00:00,"1021",118
2015-10-17 09:15:00,"1021",90
2015-10-17 09:30:00,"1021",98
2015-10-17 09:45:00,"1021",117
2015-10-17 10:00:00,"1021",149
2015-10-17 10:15:00,"1021",98
2015-10-17 10:30:00,"1021",152
2015-10-17 10:45:00,"1021",140
2015-10-17 11:00:00,"1021",136
2015-10-17 11:15:00,"1021",146
2015-10-17 11:30:00,"1021",157
2015-10-17 11:45:00,"1021",154
2015-10-17 12:00:00,"1021",193
2015-10-17 12:15:00,"1021",158
2015-10-17 12:30:00,"1021",161
2015-10-17 12:45:00,"1021",153
2015-10-17 13:00:00,"1021",154
2015-10-17 13:15:00,"1021",152
2015-10-17 13:30:00,"1021",141
2015-10-17 13:45:00,"1021",156
2015-10-17 14:00:00,"1021",135
2015-10-17 14:15:00,"1021",120
2015-10-17 14:30:00,"1021",122
2015-10-17 14:45:00,"1021",89
2015-10-17 15:00:00,"1021",93
2015-10-17 15:15:00,"1021",110
2015-10-17 15:30:00,"1021",79
2015-10-17 15:45:00,"1021",98
2015-10-17 16:00:00,"1021",90
2015-10-17 16:15:00,"1021",98
2015-10-17 16:30:00,"1021",94
2015-10-17 16:45:00,"1021",84
2015-10-17 17:00:00,"1021",105
2015-10-17 17:15:00,"1021",106
2015-10-17 17:30:00,"1021",114
2015-10-17 17:45:00,"1021",105
2015-10-17 18:00:00,"1021",108
2015-10-17 18:15:00,"1021",116
2015-10-17 18:30:00,"1021",130
2015-10-17 18:45:00,"1021",101
2015-10-17 19:00:00,"1021",110
2015-10-17 19:15:00,"1021",126
2015-10-17 19:30:00,"1021",89
2015-10-17 19:45:00,"1021",92
2015-10-17 20:00:00,"1021",96
2015-10-17 20:15:00,"1021",79
2015-10-17 20:30:00,"1021",74
2015-10-17 20:45:00,"1021",89
2015-10-17 21:00:00,"1021",78
2015-10-17 21:15:00,"1021",78
2015-10-17 21:30:00,"1021",67
2015-10-17 21:45:00,"1021",70
2015-10-17 22:00:00,"1021",61
2015-10-17 22:15:00,"1021",49
2015-10-17 22:30:00,"1021",57
2015-10-17 22:45:00,"1021",38
2015-10-17 23:00:00,"1021",40
2015-10-17 23:15:00,"1021",54
2015-10-17 23:30:00,"1021",30
2015-10-17 23:45:00,"1021",28
2015-10-18 00:00:00,"1021",36
2015-10-18 00:00:00,"1021",36
2015-10-18 00:15:00,"1021",26
2015-10-18 00:30:00,"1021",20
2015-10-18 00:45:00,"1021",23
2015-10-18 01:00:00,"1021",12
2015-10-18 01:15:00,"1021",21
2015-10-18 01:30:00,"1021",16
2015-10-18 01:45:00,"1021",11
2015-10-18 02:00:00,"1021",22
2015-10-18 02:15:00,"1021",17
2015-10-18 02:30:00,"1021",21
2015-10-18 02:45:00,"1021",13
2015-10-18 03:00:00,"1021",13
2015-10-18 03:15:00,"1021",12
2015-10-18 03:30:00,"1021",9
2015-10-18 03:45:00,"1021",14
2015-10-18 04:00:00,"1021",17
2015-10-18 04:15:00,"1021",9
2015-10-18 04:30:00,"1021",12
2015-10-18 04:45:00,"1021",13
2015-10-18 05:00:00,"1021",18
2015-10-18 05:15:00,"1021",12
2015-10-18 05:30:00,"1021",16
2015-10-18 05:45:00,"1021",19
2015-10-18 06:00:00,"1021",10
2015-10-18 06:15:00,"1021",14
2015-10-18 06:30:00,"1021",13
2015-10-18 06:45:00,"1021",21
2015-10-18 07:00:00,"1021",23
2015-10-18 07:15:00,"1021",33
2015-10-18 07:30:00,"1021",42
2015-10-18 07:45:00,"1021",53
2015-10-18 08:00:00,"1021",52
2015-10-18 08:15:00,"1021",52
2015-10-18 08:30:00,"1021",49
2015-10-18 08:45:00,"1021",45
2015-10-18 09:00:00,"1021",40
2015-10-18 09:15:00,"1021",46
2015-10-18 09:30:00,"1021",65
2015-10-18 09:45:00,"1021",66
2015-10-18 10:00:00,"1021",74
2015-10-18 10:15:00,"1021",60
2015-10-18 10:30:00,"1021",83
2015-10-18 10:45:00,"1021",96
2015-10-18 11:00:00,"1021",115
2015-10-18 11:15:00,"1021",123
2015-10-18 11:30:00,"1021",116
2015-10-18 11:45:00,"1021",109
2015-10-18 12:00:00,"1021",110
2015-10-18 12:15:00,"1021",167
2015-10-18 12:30:00,"1021",162
2015-10-18 12:45:00,"1021",172
2015-10-18 13:00:00,"1021",189
2015-10-18 13:15:00,"1021",158
2015-10-18 13:30:00,"1021",190
2015-10-18 13:45:00,"1021",160
2015-10-18 14:00:00,"1021",157
2015-10-18 14:15:00,"1021",133
2015-10-18 14:30:00,"1021",138
2015-10-18 14:45:00,"1021",121
2015-10-18 15:00:00,"1021",110
2015-10-18 15:15:00,"1021",101
2015-10-18 15:30:00,"1021",108
2015-10-18 15:45:00,"1021",126
2015-10-18 16:00:00,"1021",167
2015-10-18 16:15:00,"1021",149
2015-10-18 16:30:00,"1021",158
2015-10-18 16:45:00,"1021",177
2015-10-18 17:00:00,"1021",235
2015-10-18 17:15:00,"1021",211
2015-10-18 17:30:00,"1021",191
2015-10-18 17:45:00,"1021",231
2015-10-18 18:00:00,"1021",283
2015-10-18 18:15:00,"1021",314
2015-10-18 18:30:00,"1021",273
2015-10-18 18:45:00,"1021",280
2015-10-18 19:00:00,"1021",271
2015-10-18 19:15:00,"1021",248
2015-10-18 19:30:00,"1021",250
2015-10-18 19:45:00,"1021",253
2015-10-18 20:00:00,"1021",227
2015-10-18 20:15:00,"1021",213
2015-10-18 20:30:00,"1021",184
2015-10-18 20:45:00,"1021",187
2015-10-18 21:00:00,"1021",190
2015-10-18 21:15:00,"1021",149
2015-10-18 21:30:00,"1021",124
2015-10-18 21:45:00,"1021",113
2015-10-18 22:00:00,"1021",99
2015-10-18 22:15:00,"1021",80
2015-10-18 22:30:00,"1021",84
2015-10-18 22:45:00,"1021",61
2015-10-18 23:00:00,"1021",63
2015-10-18 23:15:00,"1021",60
2015-10-18 23:30:00,"1021",48
2015-10-18 23:45:00,"1021",40
2015-10-19 00:00:00,"1021",43
2015-10-19 00:00:00,"1021",43
2015-10-19 00:15:00,"1021",32
2015-10-19 00:30:00,"1021",39
2015-10-19 00:45:00,"1021",27
2015-10-19 01:00:00,"1021",29
2015-10-19 01:15:00,"1021",22
2015-10-19 01:30:00,"1021",17
2015-10-19 01:45:00,"1021",32
2015-10-19 02:00:00,"1021",16
2015-10-19 02:15:00,"1021",14
2015-10-19 02:30:00,"1021",20
2015-10-19 02:45:00,"1021",14
2015-10-19 03:00:00,"1021",20
2015-10-19 03:15:00,"1021",16
2015-10-19 03:30:00,"1021",15
2015-10-19 03:45:00,"1021",18
2015-10-19 04:00:00,"1021",13
2015-10-19 04:15:00,"1021",11
2015-10-19 04:30:00,"1021",10
2015-10-19 04:45:00,"1021",11
2015-10-19 05:00:00,"1021",24
2015-10-19 05:15:00,"1021",23
2015-10-19 05:30:00,"1021",26
2015-10-19 05:45:00,"1021",36
2015-10-19 06:00:00,"1021",47
2015-10-19 06:15:00,"1021",57
2015-10-19 06:30:00,"1021",59
2015-10-19 06:45:00,"1021",70
2015-10-19 07:00:00,"1021",88
2015-10-19 07:15:00,"1021",117
2015-10-19 07:30:00,"1021",143
2015-10-19 07:45:00,"1021",188
2015-10-19 08:00:00,"1021",192
2015-10-19 08:15:00,"1021",154
2015-10-19 08:30:00,"1021",166
2015-10-19 08:45:00,"1021",145
2015-10-19 09:00:00,"1021",193
2015-10-19 09:15:00,"1021",157
2015-10-19 09:30:00,"1021",128
2015-10-19 09:45:00,"1021",171
2015-10-19 10:00:00,"1021",154
2015-10-19 10:15:00,"1021",152
2015-10-19 10:30:00,"1021",164
2015-10-19 10:45:00,"1021",158
2015-10-19 11:00:00,"1021",167
2015-10-19 11:15:00,"1021",151
2015-10-19 11:30:00,"1021",174
2015-10-19 11:45:00,"1021",138
2015-10-19 12:00:00,"1021",139
2015-10-19 12:15:00,"1021",156
2015-10-19 12:30:00,"1021",136
2015-10-19 12:45:00,"1021",153
2015-10-19 13:00:00,"1021",162
2015-10-19 13:15:00,"1021",174
2015-10-19 13:30:00,"1021",149
2015-10-19 13:45:00,"1021",150
2015-10-19 14:00:00,"1021",158
2015-10-19 14:15:00,"1021",121
2015-10-19 14:30:00,"1021",117
2015-10-19 14:45:00,"1021",117
2015-10-19 15:00:00,"1021",104
2015-10-19 15:15:00,"1021",127
2015-10-19 15:30:00,"1021",117
2015-10-19 15:45:00,"1021",127
2015-10-19 16:00:00,"1021",107
2015-10-19 16:15:00,"1021",115
2015-10-19 16:30:00,"1021",135
2015-10-19 16:45:00,"1021",125
2015-10-19 17:00:00,"1021",150
2015-10-19 17:15:00,"1021",147
2015-10-19 17:30:00,"1021",128
2015-10-19 17:45:00,"1021",113
2015-10-19 18:00:00,"1021",149
2015-10-19 18:15:00,"1021",140
2015-10-19 18:30:00,"1021",130
2015-10-19 18:45:00,"1021",125
2015-10-19 19:00:00,"1021",122
2015-10-19 19:15:00,"1021",121
2015-10-19 19:30:00,"1021",118
2015-10-19 19:45:00,"1021",138
2015-10-19 20:00:00,"1021",122
2015-10-19 20:15:00,"1021",98
2015-10-19 20:30:00,"1021",83
2015-10-19 20:45:00,"1021",92
2015-10-19 21:00:00,"1021",79
2015-10-19 21:15:00,"1021",86
2015-10-19 21:30:00,"1021",75
2015-10-19 21:45:00,"1021",77
2015-10-19 22:00:00,"1021",62
2015-10-19 22:15:00,"1021",44
2015-10-19 22:30:00,"1021",38
2015-10-19 22:45:00,"1021",47
2015-10-19 23:00:00,"1021",38
2015-10-19 23:15:00,"1021",43
2015-10-19 23:30:00,"1021",33
2015-10-19 23:45:00,"1021",28
2015-10-20 00:00:00,"1021",26
2015-10-20 00:00:00,"1021",26
2015-10-20 00:15:00,"1021",36
2015-10-20 00:30:00,"1021",20
2015-10-20 00:45:00,"1021",18
2015-10-20 01:00:00,"1021",20
2015-10-20 01:15:00,"1021",9
2015-10-20 01:30:00,"1021",16
2015-10-20 01:45:00,"1021",23
2015-10-20 02:00:00,"1021",9
2015-10-20 02:15:00,"1021",11
2015-10-20 02:30:00,"1021",19
2015-10-20 02:45:00,"1021",14
2015-10-20 03:00:00,"1021",12
2015-10-20 03:15:00,"1021",20
2015-10-20 03:30:00,"1021",13
2015-10-20 03:45:00,"1021",13
2015-10-20 04:00:00,"1021",9
2015-10-20 04:15:00,"1021",14
2015-10-20 04:30:00,"1021",16
2015-10-20 04:45:00,"1021",12
2015-10-20 05:00:00,"1021",18
2015-10-20 05:15:00,"1021",22
2015-10-20 05:30:00,"1021",36
2015-10-20 05:45:00,"1021",41
2015-10-20 06:00:00,"1021",32
2015-10-20 06:15:00,"1021",27
2015-10-20 06:30:00,"1021",52
2015-10-20 06:45:00,"1021",58
2015-10-20 07:00:00,"1021",69
2015-10-20 07:15:00,"1021",83
2015-10-20 07:30:00,"1021",103
2015-10-20 07:45:00,"1021",152
2015-10-20 08:00:00,"1021",142
2015-10-20 08:15:00,"1021",129
2015-10-20 08:30:00,"1021",164
2015-10-20 08:45:00,"1021",133
2015-10-20 09:00:00,"1021",167
2015-10-20 09:15:00,"1021",154
2015-10-20 09:30:00,"1021",167
2015-10-20 09:45:00,"1021",151
2015-10-20 10:00:00,"1021",161
2015-10-20 10:15:00,"1021",149
2015-10-20 10:30:00,"1021",126
2015-10-20 10:45:00,"1021",137
2015-10-20 11:00:00,"1021",129
2015-10-20 11:15:00,"1021",114
2015-10-20 11:30:00,"1021",129
2015-10-20 11:45:00,"1021",134
2015-10-20 12:00:00,"1021",138
2015-10-20 12:15:00,"1021",125
2015-10-20 12:30:00,"1021",115
2015-10-20 12:45:00,"1021",147
2015-10-20 13:00:00,"1021",146
2015-10-20 13:15:00,"1021",125
2015-10-20 13:30:00,"1021",124
2015-10-20 13:45:00,"1021",152
2015-10-20 14:00:00,"1021",118
2015-10-20 14:15:00,"1021",115
2015-10-20 14:30:00,"1021",113
2015-10-20 14:45:00,"1021",101
2015-10-20 15:00:00,"1021",90
2015-10-20 15:15:00,"1021",98
2015-10-20 15:30:00,"1021",102
2015-10-20 15:45:00,"1021",120
2015-10-20 16:00:00,"1021",134
2015-10-20 16:15:00,"1021",128
2015-10-20 16:30:00,"1021",107
2015-10-20 16:45:00,"1021",109
2015-10-20 17:00:00,"1021",133
2015-10-20 17:15:00,"1021",141
2015-10-20 17:30:00,"1021",101
2015-10-20 17:45:00,"1021",130
2015-10-20 18:00:00,"1021",124
2015-10-20 18:15:00,"1021",131
2015-10-20 18:30:00,"1021",110
2015-10-20 18:45:00,"1021",114
2015-10-20 19:00:00,"1021",122
2015-10-20 19:15:00,"1021",118
2015-10-20 19:30:00,"1021",121
2015-10-20 19:45:00,"1021",103
2015-10-20 20:00:00,"1021",92
2015-10-20 20:15:00,"1021",96
2015-10-20 20:30:00,"1021",99
2015-10-20 20:45:00,"1021",96
2015-10-20 21:00:00,"1021",70
2015-10-20 21:15:00,"1021",72
2015-10-20 21:30:00,"1021",76
2015-10-20 21:45:00,"1021",70
2015-10-20 22:00:00,"1021",82
2015-10-20 22:15:00,"1021",47
2015-10-20 22:30:00,"1021",50
2015-10-20 22:45:00,"1021",42
2015-10-20 23:00:00,"1021",30
2015-10-20 23:15:00,"1021",21
2015-10-20 23:30:00,"1021",26
2015-10-20 23:45:00,"1021",28
2015-10-21 00:00:00,"1021",19
2015-10-21 00:00:00,"1021",19
2015-10-21 00:15:00,"1021",33
2015-10-21 00:30:00,"1021",36
2015-10-21 00:45:00,"1021",22
2015-10-21 01:00:00,"1021",28
2015-10-21 01:15:00,"1021",20
2015-10-21 01:30:00,"1021",13
2015-10-21 01:45:00,"1021",17
2015-10-21 02:00:00,"1021",18
2015-10-21 02:15:00,"1021",13
2015-10-21 02:30:00,"1021",18
2015-10-21 02:45:00,"1021",10
2015-10-21 03:00:00,"1021",11
2015-10-21 03:15:00,"1021",13
2015-10-21 03:30:00,"1021",15
2015-10-21 03:45:00,"1021",12
2015-10-21 04:00:00,"1021",12
2015-10-21 04:15:00,"1021",20
2015-10-21 04:30:00,"1021",18
2015-10-21 04:45:00,"1021",20
2015-10-21 05:00:00,"1021",28
2015-10-21 05:15:00,"1021",26
2015-10-21 05:30:00,"1021",27
2015-10-21 05:45:00,"1021",37
2015-10-21 06:00:00,"1021",27
2015-10-21 06:15:00,"1021",40
2015-10-21 06:30:00,"1021",34
2015-10-21 06:45:00,"1021",63
2015-10-21 07:00:00,"1021",67
2015-10-21 07:15:00,"1021",78
2015-10-21 07:30:00,"1021",85
2015-10-21 07:45:00,"1021",141
2015-10-21 08:00:00,"1021",162
2015-10-21 08:15:00,"1021",149
2015-10-21 08:30:00,"1021",145
2015-10-21 08:45:00,"1021",151
2015-10-21 09:00:00,"1021",166
2015-10-21 09:15:00,"1021",143
2015-10-21 09:30:00,"1021",140
2015-10-21 09:45:00,"1021",158
2015-10-21 10:00:00,"1021",155
2015-10-21 10:15:00,"1021",163
2015-10-21 10:30:00,"1021",159
2015-10-21 10:45:00,"1021",143
2015-10-21 11:00:00,"1021",141
2015-10-21 11:15:00,"1021",121
2015-10-21 11:30:00,"1021",135
2015-10-21 11:45:00,"1021",146
2015-10-21 12:00:00,"1021",119
2015-10-21 12:15:00,"1021",124
2015-10-21 12:30:00,"1021",142
2015-10-21 12:45:00,"1021",126
2015-10-21 13:00:00,"1021",130
2015-10-21 13:15:00,"1021",138
2015-10-21 13:30:00,"1021",156
2015-10-21 13:45:00,"1021",136
2015-10-21 14:00:00,"1021",118
2015-10-21 14:15:00,"1021",118
2015-10-21 14:30:00,"1021",124
2015-10-21 14:45:00,"1021",106
2015-10-21 15:00:00,"1021",108
2015-10-21 15:15:00,"1021",119
2015-10-21 15:30:00,"1021",119
2015-10-21 15:45:00,"1021",111
2015-10-21 16:00:00,"1021",131
2015-10-21 16:15:00,"1021",130
2015-10-21 16:30:00,"1021",122
2015-10-21 16:45:00,"1021",139
2015-10-21 17:00:00,"1021",137
2015-10-21 17:15:00,"1021",120
2015-10-21 17:30:00,"1021",136
2015-10-21 17:45:00,"1021",121
2015-10-21 18:00:00,"1021",141
2015-10-21 18:15:00,"1021",128
2015-10-21 18:30:00,"1021",128
2015-10-21 18:45:00,"1021",133
2015-10-21 19:00:00,"1021",117
2015-10-21 19:15:00,"1021",116
2015-10-21 19:30:00,"1021",145
2015-10-21 19:45:00,"1021",126
2015-10-21 20:00:00,"1021",150
2015-10-21 20:15:00,"1021",105
2015-10-21 20:30:00,"1021",118
2015-10-21 20:45:00,"1021",122
2015-10-21 21:00:00,"1021",90
2015-10-21 21:15:00,"1021",95
2015-10-21 21:30:00,"1021",67
2015-10-21 21:45:00,"1021",67
2015-10-21 22:00:00,"1021",68
2015-10-21 22:15:00,"1021",46
2015-10-21 22:30:00,"1021",60
2015-10-21 22:45:00,"1021",39
2015-10-21 23:00:00,"1021",42
2015-10-21 23:15:00,"1021",46
2015-10-21 23:30:00,"1021",25
2015-10-21 23:45:00,"1021",25
2015-10-22 00:00:00,"1021",27
2015-10-22 00:00:00,"1021",27
2015-10-22 00:15:00,"1021",29
2015-10-22 00:30:00,"1021",33
2015-10-22 00:45:00,"1021",21
2015-10-22 01:00:00,"1021",19
2015-10-22 01:15:00,"1021",20
2015-10-22 01:30:00,"1021",18
2015-10-22 01:45:00,"1021",19
2015-10-22 02:00:00,"1021",10
2015-10-22 02:15:00,"1021",15
2015-10-22 02:30:00,"1021",11
2015-10-22 02:45:00,"1021",20
2015-10-22 03:00:00,"1021",10
2015-10-22 03:15:00,"1021",24
2015-10-22 03:30:00,"1021",12
2015-10-22 03:45:00,"1021",23
2015-10-22 04:00:00,"1021",14
2015-10-22 04:15:00,"1021",20
2015-10-22 04:30:00,"1021",14
2015-10-22 04:45:00,"1021",21
2015-10-22 05:00:00,"1021",27
2015-10-22 05:15:00,"1021",19
2015-10-22 05:30:00,"1021",22
2015-10-22 05:45:00,"1021",40
2015-10-22 06:00:00,"1021",32
2015-10-22 06:15:00,"1021",30
2015-10-22 06:30:00,"1021",38
2015-10-22 06:45:00,"1021",60
2015-10-22 07:00:00,"1021",61
2015-10-22 07:15:00,"1021",95
2015-10-22 07:30:00,"1021",130
2015-10-22 07:45:00,"1021",124
2015-10-22 08:00:00,"1021",157
2015-10-22 08:15:00,"1021",165
2015-10-22 08:30:00,"1021",156
2015-10-22 08:30:00,"1041",1021
2015-10-22 08:45:00,"1021",147
2015-10-22 09:00:00,"1021",156
2015-10-22 09:15:00,"1021",156
2015-10-22 09:30:00,"1021",130
2015-10-22 09:45:00,"1021",140
2015-10-22 10:00:00,"1021",157
2015-10-22 10:15:00,"1021",144
2015-10-22 10:30:00,"1021",128
2015-10-22 10:45:00,"1021",133
2015-10-22 11:00:00,"1021",128
2015-10-22 11:15:00,"1021",143
2015-10-22 11:30:00,"1021",124
2015-10-22 11:45:00,"1021",158
2015-10-22 12:00:00,"1021",135
2015-10-22 12:15:00,"1021",140
2015-10-22 12:30:00,"1021",140
2015-10-22 12:45:00,"1021",146
2015-10-22 13:00:00,"1021",142
2015-10-22 13:15:00,"1021",125
2015-10-22 13:30:00,"1021",155
2015-10-22 13:45:00,"1021",135
2015-10-22 14:00:00,"1021",0
2015-10-22 14:15:00,"1021",9
2015-10-22 14:30:00,"1021",9
2015-10-22 14:45:00,"1021",108
2015-10-22 15:00:00,"1021",106
2015-10-22 15:15:00,"1021",121
2015-10-22 15:30:00,"1021",113
2015-10-22 15:45:00,"1021",124
2015-10-22 16:00:00,"1021",95
2015-10-22 16:15:00,"1021",115
2015-10-22 16:30:00,"1021",125
2015-10-22 16:45:00,"1021",139
2015-10-22 17:00:00,"1021",144
2015-10-22 17:15:00,"1021",113
2015-10-22 17:30:00,"1021",132
2015-10-22 17:45:00,"1021",141
2015-10-22 18:00:00,"1021",121
2015-10-22 18:15:00,"1021",141
2015-10-22 18:30:00,"1021",112
2015-10-22 18:45:00,"1021",128
2015-10-22 19:00:00,"1021",139
2015-10-22 19:15:00,"1021",160
2015-10-22 19:30:00,"1021",145
2015-10-22 19:45:00,"1021",158
2015-10-22 20:00:00,"1021",139
2015-10-22 20:15:00,"1021",122
2015-10-22 20:30:00,"1021",119
2015-10-22 20:45:00,"1021",105
2015-10-22 21:00:00,"1021",111
2015-10-22 21:15:00,"1021",92
2015-10-22 21:30:00,"1021",81
2015-10-22 21:45:00,"1021",85
2015-10-22 22:00:00,"1021",70
2015-10-22 22:15:00,"1021",50
2015-10-22 22:30:00,"1021",42
2015-10-22 22:45:00,"1021",53
2015-10-22 23:00:00,"1021",59
2015-10-22 23:15:00,"1021",41
2015-10-22 23:30:00,"1021",35
2015-10-22 23:45:00,"1021",35
2015-10-23 00:00:00,"1021",29
2015-10-23 00:00:00,"1021",29
2015-10-23 00:15:00,"1021",31
2015-10-23 00:30:00,"1021",37
2015-10-23 00:45:00,"1021",30
2015-10-23 01:00:00,"1021",22
2015-10-23 01:15:00,"1021",23
2015-10-23 01:30:00,"1021",16
2015-10-23 01:45:00,"1021",15
2015-10-23 02:00:00,"1021",11
2015-10-23 02:15:00,"1021",19
2015-10-23 02:30:00,"1021",19
2015-10-23 02:45:00,"1021",15
2015-10-23 03:00:00,"1021",17
2015-10-23 03:15:00,"1021",21
2015-10-23 03:30:00,"1021",16
2015-10-23 03:45:00,"1021",12
2015-10-23 04:00:00,"1021",17
2015-10-23 04:15:00,"1021",13
2015-10-23 04:30:00,"1021",15
2015-10-23 04:45:00,"1021",14
2015-10-23 05:00:00,"1021",28
2015-10-23 05:15:00,"1021",24
2015-10-23 05:30:00,"1021",26
2015-10-23 05:45:00,"1021",45
2015-10-23 06:00:00,"1021",22
2015-10-23 06:15:00,"1021",38
2015-10-23 06:30:00,"1021",37
2015-10-23 06:45:00,"1021",66
2015-10-23 07:00:00,"1021",79
2015-10-23 07:15:00,"1021",74
2015-10-23 07:30:00,"1021",115
2015-10-23 07:45:00,"1021",140
2015-10-23 08:00:00,"1021",148
2015-10-23 08:15:00,"1021",148
2015-10-23 08:30:00,"1021",114
2015-10-23 08:45:00,"1021",133
2015-10-23 09:00:00,"1021",141
2015-10-23 09:15:00,"1021",146
2015-10-23 09:30:00,"1021",142
2015-10-23 09:45:00,"1021",143
2015-10-23 10:00:00,"1021",137
2015-10-23 10:15:00,"1021",136
2015-10-23 10:30:00,"1021",156
2015-10-23 10:45:00,"1021",127
2015-10-23 11:00:00,"1021",152
2015-10-23 11:15:00,"1021",138
2015-10-23 11:30:00,"1021",146
2015-10-23 11:45:00,"1021",172
2015-10-23 12:00:00,"1021",145
2015-10-23 12:15:00,"1021",133
2015-10-23 12:30:00,"1021",147
2015-10-23 12:45:00,"1021",159
2015-10-23 13:00:00,"1021",160
2015-10-23 13:15:00,"1021",154
2015-10-23 13:30:00,"1021",159
2015-10-23 13:45:00,"1021",166
2015-10-23 14:00:00,"1021",178
2015-10-23 14:15:00,"1021",145
2015-10-23 14:30:00,"1021",148
2015-10-23 14:45:00,"1021",150
2015-10-23 15:00:00,"1021",152
2015-10-23 15:15:00,"1021",159
2015-10-23 15:30:00,"1021",165
2015-10-23 15:45:00,"1021",162
2015-10-23 16:00:00,"1021",180
2015-10-23 16:15:00,"1021",209
2015-10-23 16:30:00,"1021",204
2015-10-23 16:45:00,"1021",197
2015-10-23 17:00:00,"1021",213
2015-10-23 17:15:00,"1021",211
2015-10-23 17:30:00,"1021",212
2015-10-23 17:45:00,"1021",239
2015-10-23 18:00:00,"1021",225
2015-10-23 18:15:00,"1021",249
2015-10-23 18:30:00,"1021",230
2015-10-23 18:45:00,"1021",201
2015-10-23 19:00:00,"1021",222
2015-10-23 19:15:00,"1021",229
2015-10-23 19:30:00,"1021",210
2015-10-23 19:45:00,"1021",199
2015-10-23 20:00:00,"1021",183
2015-10-23 20:15:00,"1021",184
2015-10-23 20:30:00,"1021",161
2015-10-23 20:45:00,"1021",151
2015-10-23 21:00:00,"1021",142
2015-10-23 21:15:00,"1021",134
2015-10-23 21:30:00,"1021",132
2015-10-23 21:45:00,"1021",113
2015-10-23 22:00:00,"1021",94
2015-10-23 22:15:00,"1021",94
2015-10-23 22:30:00,"1021",84
2015-10-23 22:45:00,"1021",63
2015-10-23 23:00:00,"1021",49
2015-10-23 23:15:00,"1021",59
2015-10-23 23:30:00,"1021",49
2015-10-23 23:45:00,"1021",33
2015-10-24 00:00:00,"1021",39
2015-10-24 00:00:00,"1021",39
2015-10-24 00:15:00,"1021",51
2015-10-24 00:30:00,"1021",33
2015-10-24 00:45:00,"1021",32
2015-10-24 01:00:00,"1021",42
2015-10-24 01:15:00,"1021",28
2015-10-24 01:30:00,"1021",15
2015-10-24 01:45:00,"1021",21
2015-10-24 02:00:00,"1021",17
2015-10-24 02:15:00,"1021",16
2015-10-24 02:30:00,"1021",17
2015-10-24 02:45:00,"1021",15
2015-10-24 03:00:00,"1021",13
2015-10-24 03:15:00,"1021",16
2015-10-24 03:30:00,"1021",21
2015-10-24 03:45:00,"1021",12
2015-10-24 04:00:00,"1021",15
2015-10-24 04:15:00,"1021",19
2015-10-24 04:30:00,"1021",15
2015-10-24 04:45:00,"1021",17
2015-10-24 05:00:00,"1021",20
2015-10-24 05:15:00,"1021",18
2015-10-24 05:30:00,"1021",25
2015-10-24 05:45:00,"1021",28
2015-10-24 06:00:00,"1021",13
2015-10-24 06:15:00,"1021",31
2015-10-24 06:30:00,"1021",27
2015-10-24 06:45:00,"1021",43
2015-10-24 07:00:00,"1021",50
2015-10-24 07:15:00,"1021",56
2015-10-24 07:30:00,"1021",58
2015-10-24 07:45:00,"1021",92
2015-10-24 08:00:00,"1021",86
2015-10-24 08:15:00,"1021",94
2015-10-24 08:30:00,"1021",75
2015-10-24 08:45:00,"1021",90
2015-10-24 09:00:00,"1021",87
2015-10-24 09:15:00,"1021",103
2015-10-24 09:30:00,"1021",111
2015-10-24 09:45:00,"1021",120
2015-10-24 10:00:00,"1021",126
2015-10-24 10:15:00,"1021",133
2015-10-24 10:30:00,"1021",125
2015-10-24 10:45:00,"1021",124
2015-10-24 11:00:00,"1021",136
2015-10-24 11:15:00,"1021",159
2015-10-24 11:30:00,"1021",160
2015-10-24 11:45:00,"1021",150
2015-10-24 12:00:00,"1021",144
2015-10-24 12:15:00,"1021",179
2015-10-24 12:30:00,"1021",166
2015-10-24 12:45:00,"1021",126
2015-10-24 13:00:00,"1021",158
2015-10-24 13:15:00,"1021",167
2015-10-24 13:30:00,"1021",141
2015-10-24 13:45:00,"1021",144
2015-10-24 14:00:00,"1021",145
2015-10-24 14:15:00,"1021",139
2015-10-24 14:30:00,"1021",111
2015-10-24 14:45:00,"1021",94
2015-10-24 15:00:00,"1021",98
2015-10-24 15:15:00,"1021",98
2015-10-24 15:30:00,"1021",90
2015-10-24 15:45:00,"1021",99
2015-10-24 16:00:00,"1021",105
2015-10-24 16:15:00,"1021",90
2015-10-24 16:30:00,"1021",109
2015-10-24 16:45:00,"1021",109
2015-10-24 17:00:00,"1021",92
2015-10-24 17:15:00,"1021",112
2015-10-24 17:30:00,"1021",126
2015-10-24 17:45:00,"1021",103
2015-10-24 18:00:00,"1021",115
2015-10-24 18:15:00,"1021",112
2015-10-24 18:30:00,"1021",98
2015-10-24 18:45:00,"1021",127
2015-10-24 19:00:00,"1021",107
2015-10-24 19:15:00,"1021",105
2015-10-24 19:30:00,"1021",106
2015-10-24 19:45:00,"1021",112
2015-10-24 20:00:00,"1021",89
2015-10-24 20:15:00,"1021",90
2015-10-24 20:30:00,"1021",87
2015-10-24 20:45:00,"1021",95
2015-10-24 21:00:00,"1021",83
2015-10-24 21:15:00,"1021",80
2015-10-24 21:30:00,"1021",84
2015-10-24 21:45:00,"1021",85
2015-10-24 22:00:00,"1021",74
2015-10-24 22:15:00,"1021",62
2015-10-24 22:30:00,"1021",72
2015-10-24 22:45:00,"1021",60
2015-10-24 23:00:00,"1021",43
2015-10-24 23:15:00,"1021",44
2015-10-24 23:30:00,"1021",41
2015-10-24 23:45:00,"1021",38
2015-10-25 00:00:00,"1021",42
2015-10-25 00:00:00,"1021",42
2015-10-25 00:15:00,"1021",26
2015-10-25 00:30:00,"1021",38
2015-10-25 00:45:00,"1021",33
2015-10-25 01:00:00,"1021",22
2015-10-25 01:15:00,"1021",22
2015-10-25 01:30:00,"1021",26
2015-10-25 01:45:00,"1021",19
2015-10-25 02:00:00,"1021",17
2015-10-25 02:15:00,"1021",12
2015-10-25 02:30:00,"1021",12
2015-10-25 02:45:00,"1021",5
2015-10-25 03:00:00,"1021",8
2015-10-25 03:15:00,"1021",13
2015-10-25 03:30:00,"1021",8
2015-10-25 03:45:00,"1021",8
2015-10-25 04:00:00,"1021",11
2015-10-25 04:15:00,"1021",7
2015-10-25 04:30:00,"1021",11
2015-10-25 04:45:00,"1021",14
2015-10-25 05:00:00,"1021",10
2015-10-25 05:15:00,"1021",12
2015-10-25 05:30:00,"1021",13
2015-10-25 05:45:00,"1021",18
2015-10-25 06:00:00,"1021",20
2015-10-25 06:15:00,"1021",18
2015-10-25 06:30:00,"1021",24
2015-10-25 06:45:00,"1021",28
2015-10-25 07:00:00,"1021",39
2015-10-25 07:15:00,"1021",57
2015-10-25 07:30:00,"1021",49
2015-10-25 07:45:00,"1021",62
2015-10-25 08:00:00,"1021",54
2015-10-25 08:15:00,"1021",63
2015-10-25 08:30:00,"1021",51
2015-10-25 08:45:00,"1021",49
2015-10-25 09:00:00,"1021",63
2015-10-25 09:15:00,"1021",53
2015-10-25 09:30:00,"1021",68
2015-10-25 09:45:00,"1021",78
2015-10-25 10:00:00,"1021",83
2015-10-25 10:15:00,"1021",80
2015-10-25 10:30:00,"1021",87
2015-10-25 10:45:00,"1021",100
2015-10-25 11:00:00,"1021",111
2015-10-25 11:15:00,"1021",117
2015-10-25 11:30:00,"1021",87
2015-10-25 11:45:00,"1021",117
2015-10-25 12:00:00,"1021",141
2015-10-25 12:15:00,"1021",140
2015-10-25 12:30:00,"1021",141
2015-10-25 12:45:00,"1021",150
2015-10-25 13:00:00,"1021",145
2015-10-25 13:15:00,"1021",171
2015-10-25 13:30:00,"1021",147
2015-10-25 13:45:00,"1021",137
2015-10-25 14:00:00,"1021",113
2015-10-25 14:15:00,"1021",127
2015-10-25 14:30:00,"1021",104
2015-10-25 14:45:00,"1021",94
2015-10-25 15:00:00,"1021",96
2015-10-25 15:15:00,"1021",115
2015-10-25 15:30:00,"1021",126
2015-10-25 15:45:00,"1021",158
2015-10-25 16:00:00,"1021",136
2015-10-25 16:15:00,"1021",150
2015-10-25 16:30:00,"1021",182
2015-10-25 16:45:00,"1021",200
2015-10-25 17:00:00,"1021",242
2015-10-25 17:15:00,"1021",270
2015-10-25 17:30:00,"1021",223
2015-10-25 17:45:00,"1021",276
2015-10-25 18:00:00,"1021",280
2015-10-25 18:15:00,"1021",305
2015-10-25 18:30:00,"1021",291
2015-10-25 18:45:00,"1021",295
2015-10-25 19:00:00,"1021",256
2015-10-25 19:15:00,"1021",271
2015-10-25 19:30:00,"1021",247
2015-10-25 19:45:00,"1021",244
2015-10-25 20:00:00,"1021",207
2015-10-25 20:15:00,"1021",174
2015-10-25 20:30:00,"1021",190
2015-10-25 20:45:00,"1021",145
2015-10-25 21:00:00,"1021",158
2015-10-25 21:15:00,"1021",131
2015-10-25 21:30:00,"1021",126
2015-10-25 21:45:00,"1021",100
2015-10-25 22:00:00,"1021",81
2015-10-25 22:15:00,"1021",87
2015-10-25 22:30:00,"1021",71
2015-10-25 22:45:00,"1021",74
2015-10-25 23:00:00,"1021",61
2015-10-25 23:15:00,"1021",41
2015-10-25 23:30:00,"1021",49
2015-10-25 23:45:00,"1021",34
2015-10-26 00:00:00,"1021",33
2015-10-26 00:00:00,"1021",33
2015-10-26 00:15:00,"1021",20
2015-10-26 00:30:00,"1021",26
2015-10-26 00:45:00,"1021",27
2015-10-26 01:00:00,"1021",20
2015-10-26 01:15:00,"1021",24
2015-10-26 01:30:00,"1021",32
2015-10-26 01:45:00,"1021",11
2015-10-26 02:00:00,"1021",16
2015-10-26 02:15:00,"1021",14
2015-10-26 02:30:00,"1021",16
2015-10-26 02:45:00,"1021",13
2015-10-26 03:00:00,"1021",18
2015-10-26 03:15:00,"1021",8
2015-10-26 03:30:00,"1021",13
2015-10-26 03:45:00,"1021",14
2015-10-26 04:00:00,"1021",16
2015-10-26 04:15:00,"1021",22
2015-10-26 04:30:00,"1021",12
2015-10-26 04:45:00,"1021",16
2015-10-26 05:00:00,"1021",23
2015-10-26 05:15:00,"1021",24
2015-10-26 05:30:00,"1021",18
2015-10-26 05:45:00,"1021",48
2015-10-26 06:00:00,"1021",41
2015-10-26 06:15:00,"1021",49
2015-10-26 06:30:00,"1021",61
2015-10-26 06:45:00,"1021",87
2015-10-26 07:00:00,"1021",96
2015-10-26 07:15:00,"1021",122
2015-10-26 07:30:00,"1021",149
2015-10-26 07:45:00,"1021",186
2015-10-26 08:00:00,"1021",183
2015-10-26 08:15:00,"1021",153
2015-10-26 08:30:00,"1021",190
2015-10-26 08:45:00,"1021",166
2015-10-26 09:00:00,"1021",173
2015-10-26 09:15:00,"1021",142
2015-10-26 09:30:00,"1021",155
2015-10-26 09:45:00,"1021",160
2015-10-26 10:00:00,"1021",168
2015-10-26 10:15:00,"1021",168
2015-10-26 10:30:00,"1021",162
2015-10-26 10:45:00,"1021",141
2015-10-26 11:00:00,"1021",167
2015-10-26 11:15:00,"1021",142
2015-10-26 11:30:00,"1021",119
2015-10-26 11:45:00,"1021",80
2015-10-26 12:00:00,"1021",202
2015-10-26 12:15:00,"1021",173
2015-10-26 12:30:00,"1021",183
2015-10-26 12:45:00,"1021",155
2015-10-26 13:00:00,"1021",152
2015-10-26 13:15:00,"1021",158
2015-10-26 13:30:00,"1021",169
2015-10-26 13:45:00,"1021",143
2015-10-26 14:00:00,"1021",146
2015-10-26 14:15:00,"1021",135
2015-10-26 14:30:00,"1021",133
2015-10-26 14:45:00,"1021",123
2015-10-26 15:00:00,"1021",118
2015-10-26 15:15:00,"1021",123
2015-10-26 15:30:00,"1021",111
2015-10-26 15:45:00,"1021",118
2015-10-26 16:00:00,"1021",136
2015-10-26 16:15:00,"1021",131
2015-10-26 16:30:00,"1021",137
2015-10-26 16:45:00,"1021",144
2015-10-26 17:00:00,"1021",119
2015-10-26 17:15:00,"1021",138
2015-10-26 17:30:00,"1021",121
2015-10-26 17:45:00,"1021",118
2015-10-26 18:00:00,"1021",119
2015-10-26 18:15:00,"1021",140
2015-10-26 18:30:00,"1021",104
2015-10-26 18:45:00,"1021",137
2015-10-26 19:00:00,"1021",114
2015-10-26 19:15:00,"1021",148
2015-10-26 19:30:00,"1021",117
2015-10-26 19:45:00,"1021",102
2015-10-26 20:00:00,"1021",110
2015-10-26 20:15:00,"1021",94
2015-10-26 20:30:00,"1021",101
2015-10-26 20:45:00,"1021",96
2015-10-26 21:00:00,"1021",82
2015-10-26 21:15:00,"1021",69
2015-10-26 21:30:00,"1021",64
2015-10-26 21:45:00,"1021",60
2015-10-26 22:00:00,"1021",59
2015-10-26 22:15:00,"1021",46
2015-10-26 22:30:00,"1021",57
2015-10-26 22:45:00,"1021",45
2015-10-26 23:00:00,"1021",44
2015-10-26 23:15:00,"1021",33
2015-10-26 23:30:00,"1021",23
2015-10-26 23:45:00,"1021",25
2015-10-27 00:00:00,"1021",31
2015-10-27 00:00:00,"1021",31
2015-10-27 00:15:00,"1021",19
2015-10-27 00:30:00,"1021",29
2015-10-27 00:45:00,"1021",25
2015-10-27 01:00:00,"1021",17
2015-10-27 01:15:00,"1021",24
2015-10-27 01:30:00,"1021",14
2015-10-27 01:45:00,"1021",25
2015-10-27 02:00:00,"1021",21
2015-10-27 02:15:00,"1021",18
2015-10-27 02:30:00,"1021",12
2015-10-27 02:45:00,"1021",18
2015-10-27 03:00:00,"1021",11
2015-10-27 03:15:00,"1021",10
2015-10-27 03:30:00,"1021",20
2015-10-27 03:45:00,"1021",16
2015-10-27 04:00:00,"1021",14
2015-10-27 04:15:00,"1021",15
2015-10-27 04:30:00,"1021",19
2015-10-27 04:45:00,"1021",24
2015-10-27 05:00:00,"1021",24
2015-10-27 05:15:00,"1021",24
2015-10-27 05:30:00,"1021",20
2015-10-27 05:45:00,"1021",33
2015-10-27 06:00:00,"1021",32
2015-10-27 06:15:00,"1021",37
2015-10-27 06:30:00,"1021",63
2015-10-27 06:45:00,"1021",69
2015-10-27 07:00:00,"1021",74
2015-10-27 07:15:00,"1021",92
2015-10-27 07:30:00,"1021",116
2015-10-27 07:45:00,"1021",159
2015-10-27 08:00:00,"1021",163
2015-10-27 08:15:00,"1021",150
2015-10-27 08:30:00,"1021",148
2015-10-27 08:45:00,"1021",175
2015-10-27 09:00:00,"1021",148
2015-10-27 09:15:00,"1021",165
2015-10-27 09:30:00,"1021",140
2015-10-27 09:45:00,"1021",148
2015-10-27 10:00:00,"1021",150
2015-10-27 10:15:00,"1021",150
2015-10-27 10:30:00,"1021",140
2015-10-27 10:45:00,"1021",133
2015-10-27 11:00:00,"1021",128
2015-10-27 11:15:00,"1021",156
2015-10-27 11:30:00,"1021",139
2015-10-27 11:45:00,"1021",133
2015-10-27 12:00:00,"1021",124
2015-10-27 12:15:00,"1021",121
2015-10-27 12:30:00,"1021",134
2015-10-27 12:45:00,"1021",154
2015-10-27 13:00:00,"1021",142
2015-10-27 13:15:00,"1021",128
2015-10-27 13:30:00,"1021",115
2015-10-27 13:45:00,"1021",137
2015-10-27 14:00:00,"1021",115
2015-10-27 14:15:00,"1021",140
2015-10-27 14:30:00,"1021",137
2015-10-27 14:45:00,"1021",88
2015-10-27 15:00:00,"1021",86
2015-10-27 15:15:00,"1021",138
2015-10-27 15:30:00,"1021",106
2015-10-27 15:45:00,"1021",114
2015-10-27 16:00:00,"1021",129
2015-10-27 16:15:00,"1021",122
2015-10-27 16:30:00,"1021",126
2015-10-27 16:45:00,"1021",151
2015-10-27 17:00:00,"1021",87
2015-10-27 17:15:00,"1021",119
2015-10-27 17:30:00,"1021",143
2015-10-27 17:45:00,"1021",125
2015-10-27 18:00:00,"1021",124
2015-10-27 18:15:00,"1021",132
2015-10-27 18:30:00,"1021",120
2015-10-27 18:45:00,"1021",121
2015-10-27 19:00:00,"1021",121
2015-10-27 19:15:00,"1021",123
2015-10-27 19:30:00,"1021",112
2015-10-27 19:45:00,"1021",115
2015-10-27 20:00:00,"1021",102
2015-10-27 20:15:00,"1021",88
2015-10-27 20:30:00,"1021",61
2015-10-27 20:45:00,"1021",92
2015-10-27 21:00:00,"1021",70
2015-10-27 21:15:00,"1021",62
2015-10-27 21:30:00,"1021",66
2015-10-27 21:45:00,"1021",64
2015-10-27 22:00:00,"1021",80
2015-10-27 22:15:00,"1021",45
2015-10-27 22:30:00,"1021",54
2015-10-27 22:45:00,"1021",42
2015-10-27 23:00:00,"1021",31
2015-10-27 23:15:00,"1021",34
2015-10-27 23:30:00,"1021",26
2015-10-27 23:45:00,"1021",34
2015-10-28 00:00:00,"1021",24
2015-10-28 00:00:00,"1021",24
2015-10-28 00:15:00,"1021",27
2015-10-28 00:30:00,"1021",39
2015-10-28 00:45:00,"1021",20
2015-10-28 01:00:00,"1021",14
2015-10-28 01:15:00,"1021",18
2015-10-28 01:30:00,"1021",9
2015-10-28 01:45:00,"1021",23
2015-10-28 02:00:00,"1021",9
2015-10-28 02:15:00,"1021",16
2015-10-28 02:30:00,"1021",14
2015-10-28 02:45:00,"1021",13
2015-10-28 03:00:00,"1021",16
2015-10-28 03:15:00,"1021",12
2015-10-28 03:30:00,"1021",15
2015-10-28 03:45:00,"1021",18
2015-10-28 04:00:00,"1021",24
2015-10-28 04:15:00,"1021",17
2015-10-28 04:30:00,"1021",15
2015-10-28 04:45:00,"1021",22
2015-10-28 05:00:00,"1021",19
2015-10-28 05:15:00,"1021",21
2015-10-28 05:30:00,"1021",22
2015-10-28 05:45:00,"1021",35
2015-10-28 06:00:00,"1021",31
2015-10-28 06:15:00,"1021",32
2015-10-28 06:30:00,"1021",61
2015-10-28 06:45:00,"1021",59
2015-10-28 07:00:00,"1021",74
2015-10-28 07:15:00,"1021",104
2015-10-28 07:30:00,"1021",120
2015-10-28 07:45:00,"1021",171
2015-10-28 08:00:00,"1021",138
2015-10-28 08:15:00,"1021",155
2015-10-28 08:30:00,"1021",157
2015-10-28 08:45:00,"1021",131
2015-10-28 09:00:00,"1021",179
2015-10-28 09:15:00,"1021",152
2015-10-28 09:30:00,"1021",138
2015-10-28 09:45:00,"1021",139
2015-10-28 10:00:00,"1021",171
2015-10-28 10:15:00,"1021",150
2015-10-28 10:30:00,"1021",148
2015-10-28 10:45:00,"1021",154
2015-10-28 11:00:00,"1021",126
2015-10-28 11:15:00,"1021",138
2015-10-28 11:30:00,"1021",135
2015-10-28 11:45:00,"1021",137
2015-10-28 12:00:00,"1021",130
2015-10-28 12:15:00,"1021",130
2015-10-28 12:30:00,"1021",148
2015-10-28 12:45:00,"1021",133
2015-10-28 13:00:00,"1021",131
2015-10-28 13:15:00,"1021",110
2015-10-28 13:30:00,"1021",144
2015-10-28 13:45:00,"1021",141
2015-10-28 14:00:00,"1021",129
2015-10-28 14:15:00,"1021",112
2015-10-28 14:30:00,"1021",110
2015-10-28 14:45:00,"1021",129
2015-10-28 15:00:00,"1021",126
2015-10-28 15:15:00,"1021",123
2015-10-28 15:30:00,"1021",101
2015-10-28 15:45:00,"1021",108
2015-10-28 16:00:00,"1021",119
2015-10-28 16:15:00,"1021",133
2015-10-28 16:30:00,"1021",122
2015-10-28 16:45:00,"1021",117
2015-10-28 17:00:00,"1021",123
2015-10-28 17:15:00,"1021",126
2015-10-28 17:30:00,"1021",119
2015-10-28 17:45:00,"1021",166
2015-10-28 18:00:00,"1021",135
2015-10-28 18:15:00,"1021",131
2015-10-28 18:30:00,"1021",126
2015-10-28 18:45:00,"1021",124
2015-10-28 19:00:00,"1021",133
2015-10-28 19:15:00,"1021",116
2015-10-28 19:30:00,"1021",141
2015-10-28 19:45:00,"1021",126
2015-10-28 20:00:00,"1021",117
2015-10-28 20:15:00,"1021",104
2015-10-28 20:30:00,"1021",104
2015-10-28 20:45:00,"1021",87
2015-10-28 21:00:00,"1021",79
2015-10-28 21:15:00,"1021",60
2015-10-28 21:30:00,"1021",63
2015-10-28 21:45:00,"1021",69
2015-10-28 22:00:00,"1021",70
2015-10-28 22:15:00,"1021",74
2015-10-28 22:30:00,"1021",67
2015-10-28 22:45:00,"1021",46
2015-10-28 23:00:00,"1021",41
2015-10-28 23:15:00,"1021",38
2015-10-28 23:30:00,"1021",28
2015-10-28 23:45:00,"1021",34
2015-10-29 00:00:00,"1021",28
2015-10-29 00:00:00,"1021",28
2015-10-29 00:15:00,"1021",29
2015-10-29 00:30:00,"1021",27
2015-10-29 00:45:00,"1021",30
2015-10-29 01:00:00,"1021",22
2015-10-29 01:15:00,"1021",21
2015-10-29 01:30:00,"1021",13
2015-10-29 01:45:00,"1021",17
2015-10-29 02:00:00,"1021",10
2015-10-29 02:15:00,"1021",22
2015-10-29 02:30:00,"1021",18
2015-10-29 02:45:00,"1021",11
2015-10-29 03:00:00,"1021",21
2015-10-29 03:15:00,"1021",17
2015-10-29 03:30:00,"1021",10
2015-10-29 03:45:00,"1021",14
2015-10-29 04:00:00,"1021",13
2015-10-29 04:15:00,"1021",22
2015-10-29 04:30:00,"1021",14
2015-10-29 04:45:00,"1021",17
2015-10-29 05:00:00,"1021",23
2015-10-29 05:15:00,"1021",34
2015-10-29 05:30:00,"1021",25
2015-10-29 05:45:00,"1021",49
2015-10-29 06:00:00,"1021",31
2015-10-29 06:15:00,"1021",42
2015-10-29 06:30:00,"1021",46
2015-10-29 06:45:00,"1021",71
2015-10-29 07:00:00,"1021",76
2015-10-29 07:15:00,"1021",100
2015-10-29 07:30:00,"1021",97
2015-10-29 07:45:00,"1021",158
2015-10-29 08:00:00,"1021",157
2015-10-29 08:15:00,"1021",138
2015-10-29 08:30:00,"1021",142
2015-10-29 08:45:00,"1021",170
2015-10-29 09:00:00,"1021",183
2015-10-29 09:15:00,"1021",162
2015-10-29 09:30:00,"1021",146
2015-10-29 09:45:00,"1021",150
2015-10-29 10:00:00,"1021",153
2015-10-29 10:15:00,"1021",149
2015-10-29 10:30:00,"1021",139
2015-10-29 10:45:00,"1021",121
2015-10-29 11:00:00,"1021",143
2015-10-29 11:15:00,"1021",140
2015-10-29 11:30:00,"1021",147
2015-10-29 11:45:00,"1021",149
2015-10-29 12:00:00,"1021",139
2015-10-29 12:15:00,"1021",155
2015-10-29 12:30:00,"1021",136
2015-10-29 12:45:00,"1021",133
2015-10-29 13:00:00,"1021",157
2015-10-29 13:15:00,"1021",129
2015-10-29 13:30:00,"1021",150
2015-10-29 13:45:00,"1021",152
2015-10-29 14:00:00,"1021",134
2015-10-29 14:15:00,"1021",135
2015-10-29 14:30:00,"1021",147
2015-10-29 14:45:00,"1021",119
2015-10-29 15:00:00,"1021",93
2015-10-29 15:15:00,"1021",128
2015-10-29 15:30:00,"1021",117
2015-10-29 15:45:00,"1021",120
2015-10-29 16:00:00,"1021",129
2015-10-29 16:15:00,"1021",144
2015-10-29 16:30:00,"1021",157
2015-10-29 16:45:00,"1021",138
2015-10-29 17:00:00,"1021",156
2015-10-29 17:15:00,"1021",142
2015-10-29 17:30:00,"1021",134
2015-10-29 17:45:00,"1021",129
2015-10-29 18:00:00,"1021",137
2015-10-29 18:15:00,"1021",136
2015-10-29 18:30:00,"1021",135
2015-10-29 18:45:00,"1021",157
2015-10-29 19:00:00,"1021",153
2015-10-29 19:15:00,"1021",140
2015-10-29 19:30:00,"1021",150
2015-10-29 19:45:00,"1021",145
2015-10-29 20:00:00,"1021",125
2015-10-29 20:15:00,"1021",116
2015-10-29 20:30:00,"1021",108
2015-10-29 20:45:00,"1021",96
2015-10-29 21:00:00,"1021",91
2015-10-29 21:15:00,"1021",89
2015-10-29 21:30:00,"1021",85
2015-10-29 21:45:00,"1021",81
2015-10-29 22:00:00,"1021",69
2015-10-29 22:15:00,"1021",82
2015-10-29 22:30:00,"1021",53
2015-10-29 22:45:00,"1021",52
2015-10-29 23:00:00,"1021",44
2015-10-29 23:15:00,"1021",48
2015-10-29 23:30:00,"1021",46
2015-10-29 23:45:00,"1021",34
2015-10-30 00:00:00,"1021",35
2015-10-30 00:00:00,"1021",35
2015-10-30 00:15:00,"1021",42
2015-10-30 00:30:00,"1021",28
2015-10-30 00:45:00,"1021",25
2015-10-30 01:00:00,"1021",25
2015-10-30 01:15:00,"1021",26
2015-10-30 01:30:00,"1021",22
2015-10-30 01:45:00,"1021",21
2015-10-30 02:00:00,"1021",8
2015-10-30 02:15:00,"1021",9
2015-10-30 02:30:00,"1021",20
2015-10-30 02:45:00,"1021",16
2015-10-30 03:00:00,"1021",13
2015-10-30 03:15:00,"1021",19
2015-10-30 03:30:00,"1021",15
2015-10-30 03:45:00,"1021",17
2015-10-30 04:00:00,"1021",15
2015-10-30 04:15:00,"1021",27
2015-10-30 04:30:00,"1021",17
2015-10-30 04:45:00,"1021",13
2015-10-30 05:00:00,"1021",21
2015-10-30 05:15:00,"1021",34
2015-10-30 05:30:00,"1021",30
2015-10-30 05:45:00,"1021",29
2015-10-30 06:00:00,"1021",32
2015-10-30 06:15:00,"1021",36
2015-10-30 06:30:00,"1021",67
2015-10-30 06:45:00,"1021",71
2015-10-30 07:00:00,"1021",79
2015-10-30 07:15:00,"1021",84
2015-10-30 07:30:00,"1021",106
2015-10-30 07:45:00,"1021",142
2015-10-30 08:00:00,"1021",160
2015-10-30 08:15:00,"1021",130
2015-10-30 08:30:00,"1021",134
2015-10-30 08:45:00,"1021",147
2015-10-30 09:00:00,"1021",140
2015-10-30 09:15:00,"1021",139
2015-10-30 09:30:00,"1021",140
2015-10-30 09:45:00,"1021",144
2015-10-30 10:00:00,"1021",182
2015-10-30 10:15:00,"1021",151
2015-10-30 10:30:00,"1021",133
2015-10-30 10:45:00,"1021",148
2015-10-30 11:00:00,"1021",122
2015-10-30 11:15:00,"1021",135
2015-10-30 11:30:00,"1021",164
2015-10-30 11:45:00,"1021",185
2015-10-30 12:00:00,"1021",189
2015-10-30 12:15:00,"1021",161
2015-10-30 12:30:00,"1021",183
2015-10-30 12:45:00,"1021",191
2015-10-30 13:00:00,"1021",199
2015-10-30 13:15:00,"1021",187
2015-10-30 13:30:00,"1021",197
2015-10-30 13:45:00,"1021",185
2015-10-30 14:00:00,"1021",141
2015-10-30 14:15:00,"1021",168
2015-10-30 14:30:00,"1021",173
2015-10-30 14:45:00,"1021",176
2015-10-30 15:00:00,"1021",194
2015-10-30 15:15:00,"1021",175
2015-10-30 15:30:00,"1021",189
2015-10-30 15:45:00,"1021",199
2015-10-30 16:00:00,"1021",247
2015-10-30 16:15:00,"1021",257
2015-10-30 16:30:00,"1021",250
2015-10-30 16:45:00,"1021",265
2015-10-30 17:00:00,"1021",318
2015-10-30 17:15:00,"1021",308
2015-10-30 17:30:00,"1021",318
2015-10-30 17:45:00,"1021",332
2015-10-30 18:00:00,"1021",322
2015-10-30 18:15:00,"1021",304
2015-10-30 18:30:00,"1021",341
2015-10-30 18:45:00,"1021",323
2015-10-30 19:00:00,"1021",329
2015-10-30 19:15:00,"1021",317
2015-10-30 19:30:00,"1021",275
2015-10-30 19:45:00,"1021",272
2015-10-30 20:00:00,"1021",307
2015-10-30 20:15:00,"1021",248
2015-10-30 20:30:00,"1021",241
2015-10-30 20:45:00,"1021",225
2015-10-30 21:00:00,"1021",192
2015-10-30 21:15:00,"1021",198
2015-10-30 21:30:00,"1021",189
2015-10-30 21:45:00,"1021",181
2015-10-30 22:00:00,"1021",137
2015-10-30 22:15:00,"1021",116
2015-10-30 22:30:00,"1021",122
2015-10-30 22:45:00,"1021",92
2015-10-30 23:00:00,"1021",89
2015-10-30 23:15:00,"1021",83
2015-10-30 23:30:00,"1021",77
2015-10-30 23:45:00,"1021",58
2015-10-31 00:00:00,"1021",44
2015-10-31 00:00:00,"1021",44
2015-10-31 00:15:00,"1021",36
2015-10-31 00:30:00,"1021",45
2015-10-31 00:45:00,"1021",43
2015-10-31 01:00:00,"1021",32
2015-10-31 01:15:00,"1021",21
2015-10-31 01:30:00,"1021",35
2015-10-31 01:45:00,"1021",32
2015-10-31 02:00:00,"1021",22
2015-10-31 02:15:00,"1021",22
2015-10-31 02:30:00,"1021",20
2015-10-31 02:45:00,"1021",20
2015-10-31 03:00:00,"1021",11
2015-10-31 03:15:00,"1021",18
2015-10-31 03:30:00,"1021",25
2015-10-31 03:45:00,"1021",21
2015-10-31 04:00:00,"1021",18
2015-10-31 04:15:00,"1021",17
2015-10-31 04:30:00,"1021",13
2015-10-31 04:45:00,"1021",18
2015-10-31 05:00:00,"1021",19
2015-10-31 05:15:00,"1021",22
2015-10-31 05:30:00,"1021",28
2015-10-31 05:45:00,"1021",24
2015-10-31 06:00:00,"1021",23
2015-10-31 06:15:00,"1021",27
2015-10-31 06:30:00,"1021",36
2015-10-31 06:45:00,"1021",51
2015-10-31 07:00:00,"1021",58
2015-10-31 07:15:00,"1021",68
2015-10-31 07:30:00,"1021",96
2015-10-31 07:45:00,"1021",108
2015-10-31 08:00:00,"1021",100
2015-10-31 08:15:00,"1021",101
2015-10-31 08:30:00,"1021",125
2015-10-31 08:45:00,"1021",88
2015-10-31 09:00:00,"1021",98
2015-10-31 09:15:00,"1021",123
2015-10-31 09:30:00,"1021",141
2015-10-31 09:45:00,"1021",152
2015-10-31 10:00:00,"1021",176
2015-10-31 10:15:00,"1021",190
2015-10-31 10:30:00,"1021",189
2015-10-31 10:45:00,"1021",242
2015-10-31 11:00:00,"1021",258
2015-10-31 11:15:00,"1021",281
2015-10-31 11:30:00,"1021",276
2015-10-31 11:45:00,"1021",295
2015-10-31 12:00:00,"1021",323
2015-10-31 12:15:00,"1021",275
2015-10-31 12:30:00,"1021",271
2015-10-31 12:45:00,"1021",293
2015-10-31 13:00:00,"1021",264
2015-10-31 13:15:00,"1021",249
2015-10-31 13:30:00,"1021",245
2015-10-31 13:45:00,"1021",218
2015-10-31 14:00:00,"1021",205
2015-10-31 14:15:00,"1021",187
2015-10-31 14:30:00,"1021",168
2015-10-31 14:45:00,"1021",132
2015-10-31 15:00:00,"1021",137
2015-10-31 15:15:00,"1021",143
2015-10-31 15:30:00,"1021",133
2015-10-31 15:45:00,"1021",106
2015-10-31 16:00:00,"1021",123
2015-10-31 16:15:00,"1021",156
2015-10-31 16:30:00,"1021",162
2015-10-31 16:45:00,"1021",152
2015-10-31 17:00:00,"1021",153
2015-10-31 17:15:00,"1021",169
2015-10-31 17:30:00,"1021",160
2015-10-31 17:45:00,"1021",177
2015-10-31 18:00:00,"1021",157
2015-10-31 18:15:00,"1021",165
2015-10-31 18:30:00,"1021",146
2015-10-31 18:45:00,"1021",142
2015-10-31 19:00:00,"1021",130
2015-10-31 19:15:00,"1021",142
2015-10-31 19:30:00,"1021",144
2015-10-31 19:45:00,"1021",118
2015-10-31 20:00:00,"1021",113
2015-10-31 20:15:00,"1021",97
2015-10-31 20:30:00,"1021",98
2015-10-31 20:45:00,"1021",90
2015-10-31 21:00:00,"1021",71
2015-10-31 21:15:00,"1021",71
2015-10-31 21:30:00,"1021",69
2015-10-31 21:45:00,"1021",63
2015-10-31 22:00:00,"1021",48
2015-10-31 22:15:00,"1021",52
2015-10-31 22:30:00,"1021",46
2015-10-31 22:45:00,"1021",44
2015-10-31 23:00:00,"1021",33
2015-10-31 23:15:00,"1021",23
2015-10-31 23:30:00,"1021",37
2015-10-31 23:45:00,"1021",34
2015-11-01 00:00:00,"1021",22
2015-11-01 00:00:00,"1021",22
2015-11-01 00:15:00,"1021",24
2015-11-01 00:30:00,"1021",26
2015-11-01 00:45:00,"1021",16
2015-11-01 01:00:00,"1021",20
2015-11-01 01:15:00,"1021",22
2015-11-01 01:30:00,"1021",11
2015-11-01 01:45:00,"1021",17
2015-11-01 02:00:00,"1021",14
2015-11-01 02:15:00,"1021",15
2015-11-01 02:30:00,"1021",7
2015-11-01 02:45:00,"1021",11
2015-11-01 03:00:00,"1021",10
2015-11-01 03:15:00,"1021",16
2015-11-01 03:30:00,"1021",4
2015-11-01 03:45:00,"1021",10
2015-11-01 04:00:00,"1021",12
2015-11-01 04:15:00,"1021",9
2015-11-01 04:30:00,"1021",13
2015-11-01 04:45:00,"1021",13
2015-11-01 05:00:00,"1021",6
2015-11-01 05:15:00,"1021",11
2015-11-01 05:30:00,"1021",15
2015-11-01 05:45:00,"1021",24
2015-11-01 06:00:00,"1021",17
2015-11-01 06:15:00,"1021",22
2015-11-01 06:30:00,"1021",24
2015-11-01 06:45:00,"1021",15
2015-11-01 07:00:00,"1021",20
2015-11-01 07:15:00,"1021",29
2015-11-01 07:30:00,"1021",43
2015-11-01 07:45:00,"1021",48
2015-11-01 08:00:00,"1021",38
2015-11-01 08:15:00,"1021",47
2015-11-01 08:30:00,"1021",45
2015-11-01 08:45:00,"1021",49
2015-11-01 09:00:00,"1021",58
2015-11-01 09:15:00,"1021",57
2015-11-01 09:30:00,"1021",70
2015-11-01 09:45:00,"1021",71
2015-11-01 10:00:00,"1021",89
2015-11-01 10:15:00,"1021",82
2015-11-01 10:30:00,"1021",88
2015-11-01 10:45:00,"1021",110
2015-11-01 11:00:00,"1021",150
2015-11-01 11:15:00,"1021",153
2015-11-01 11:30:00,"1021",202
2015-11-01 11:45:00,"1021",185
2015-11-01 12:00:00,"1021",210
2015-11-01 12:15:00,"1021",212
2015-11-01 12:30:00,"1021",172
2015-11-01 12:45:00,"1021",215
2015-11-01 13:00:00,"1021",211
2015-11-01 13:15:00,"1021",199
2015-11-01 13:30:00,"1021",176
2015-11-01 13:45:00,"1021",142
2015-11-01 14:00:00,"1021",169
2015-11-01 14:15:00,"1021",136
2015-11-01 14:30:00,"1021",157
2015-11-01 14:45:00,"1021",125
2015-11-01 15:00:00,"1021",108
2015-11-01 15:15:00,"1021",97
2015-11-01 15:30:00,"1021",96
2015-11-01 15:45:00,"1021",105
2015-11-01 16:00:00,"1021",148
2015-11-01 16:15:00,"1021",139
2015-11-01 16:30:00,"1021",169
2015-11-01 16:45:00,"1021",167
2015-11-01 17:00:00,"1021",202
2015-11-01 17:15:00,"1021",190
2015-11-01 17:30:00,"1021",224
2015-11-01 17:45:00,"1021",217
2015-11-01 18:00:00,"1021",180
2015-11-01 18:15:00,"1021",220
2015-11-01 18:30:00,"1021",214
2015-11-01 18:45:00,"1021",220
2015-11-01 19:00:00,"1021",186
2015-11-01 19:15:00,"1021",195
2015-11-01 19:30:00,"1021",165
2015-11-01 19:45:00,"1021",174
2015-11-01 20:00:00,"1021",140
2015-11-01 20:15:00,"1021",141
2015-11-01 20:30:00,"1021",105
2015-11-01 20:45:00,"1021",114
2015-11-01 21:00:00,"1021",99
2015-11-01 21:15:00,"1021",70
2015-11-01 21:30:00,"1021",57
2015-11-01 21:45:00,"1021",75
2015-11-01 22:00:00,"1021",59
2015-11-01 22:15:00,"1021",57
2015-11-01 22:30:00,"1021",41
2015-11-01 22:45:00,"1021",39
2015-11-01 23:00:00,"1021",33
2015-11-01 23:15:00,"1021",32
2015-11-01 23:30:00,"1021",31
2015-11-01 23:45:00,"1021",17
2015-11-02 00:00:00,"1021",20
