"";"idSensor";"Fecha";"Total"
"1";"1011";2015-10-08 00:00:00;23
"2";"1011";2015-10-12 00:00:00;69
"3";"1011";2015-10-12 00:00:00;69
"4";"1011";2015-10-28 00:00:00;46
"5";"1011";2015-10-13 00:00:00;46
"6";"1011";2015-10-13 00:00:00;46
"7";"1011";2015-10-25 00:00:00;46
"8";"1011";2015-10-24 00:00:00;46
"9";"1011";2015-10-24 00:00:00;46
"10";"1011";2015-10-14 00:00:00;46
"11";"1011";2015-10-17 00:00:00;92
"12";"1011";2015-10-21 00:00:00;23
"13";"1011";2015-10-14 00:00:00;46
"14";"1011";2015-10-19 00:00:00;161
"15";"1011";2015-10-10 00:00:00;115
"16";"1011";2015-10-29 00:00:00;92
"17";"1011";2015-10-19 00:00:00;161
"18";"1011";2015-10-26 00:00:00;23
"19";"1011";2015-10-28 00:00:00;46
"20";"1011";2015-10-23 00:00:00;46
"21";"1011";2015-10-26 00:00:00;23
"22";"1011";2015-10-18 00:00:00;138
"23";"1011";2015-10-27 00:00:00;23
"24";"1011";2015-10-15 00:00:00;69
"25";"1011";2015-10-22 00:00:00;69
"26";"1011";2015-10-29 00:00:00;92
"27";"1011";2015-10-31 00:00:00;23
"28";"1011";2015-10-31 00:00:00;23
"29";"1011";2015-10-15 00:00:00;69
"30";"1011";2015-10-27 00:00:00;23
"31";"1011";2015-10-18 00:00:00;138
"32";"1011";2015-10-30 00:00:00;46
"33";"1011";2015-10-11 00:00:00;46
"34";"1011";2015-10-23 00:00:00;46
"35";"1011";2015-10-10 00:00:00;115
"36";"1011";2015-10-25 00:00:00;46
"37";"1011";2015-10-21 00:00:00;23
"38";"1011";2015-10-11 00:00:00;46
"39";"1011";2015-10-30 00:00:00;46
"40";"1011";2015-10-22 00:00:00;69
"41";"1011";2015-10-17 00:00:00;92
"42";"1011";2015-10-20 00:00:00;46
"43";"1011";2015-10-20 00:00:00;46
"44";"1011";2015-10-09 00:15:00;48
"45";"1011";2015-10-15 00:15:00;60
"46";"1011";2015-10-21 00:15:00;48
"47";"1011";2015-10-26 00:15:00;36
"48";"1011";2015-10-08 00:15:00;48
"49";"1011";2015-10-29 00:15:00;12
"50";"1011";2015-10-24 00:15:00;12
"51";"1011";2015-10-30 00:15:00;12
"52";"1011";2015-10-27 00:15:00;12
"53";"1011";2015-10-20 00:15:00;24
"54";"1011";2015-10-19 00:15:00;48
"55";"1011";2015-10-25 00:15:00;36
"56";"1011";2015-10-14 00:15:00;60
"57";"1011";2015-10-17 00:15:00;72
"58";"1011";2015-10-16 00:15:00;36
"59";"1011";2015-10-31 00:15:00;12
"60";"1011";2015-10-11 00:15:00;12
"61";"1011";2015-10-23 00:15:00;48
"62";"1011";2015-10-10 00:15:00;48
"63";"1011";2015-10-15 00:30:00;51
"64";"1011";2015-10-24 00:30:00;85
"65";"1011";2015-10-22 00:30:00;51
"66";"1011";2015-10-08 00:30:00;17
"67";"1011";2015-10-13 00:30:00;170
"68";"1011";2015-10-09 00:30:00;51
"69";"1011";2015-10-28 00:30:00;34
"70";"1011";2015-10-18 00:30:00;68
"71";"1011";2015-10-16 00:30:00;51
"72";"1011";2015-10-12 00:30:00;51
"73";"1011";2015-10-21 00:30:00;17
"74";"1011";2015-10-25 00:30:00;34
"75";"1011";2015-10-26 00:30:00;17
"76";"1011";2015-10-19 00:30:00;34
"77";"1011";2015-10-14 00:30:00;17
"78";"1011";2015-10-29 00:30:00;68
"79";"1011";2015-10-17 00:30:00;68
"80";"1011";2015-10-20 00:30:00;17
"81";"1011";2015-10-10 00:30:00;51
"82";"1011";2015-10-11 00:30:00;34
"83";"1011";2015-10-30 00:30:00;17
"84";"1011";2015-10-31 00:30:00;34
"85";"1011";2015-10-23 00:30:00;17
"86";"1011";2015-10-16 00:45:00;96,6666666666667
"87";"1011";2015-10-08 00:45:00;19,3333333333333
"88";"1011";2015-10-13 00:45:00;135,333333333333
"89";"1011";2015-10-09 00:45:00;19,3333333333333
"90";"1011";2015-10-12 00:45:00;38,6666666666667
"91";"1011";2015-10-17 00:45:00;58
"92";"1011";2015-10-18 00:45:00;38,6666666666667
"93";"1011";2015-10-24 00:45:00;77,3333333333333
"94";"1011";2015-10-23 00:45:00;19,3333333333333
"95";"1011";2015-10-14 00:45:00;77,3333333333333
"96";"1011";2015-10-19 00:45:00;38,6666666666667
"97";"1011";2015-10-27 00:45:00;19,3333333333333
"98";"1011";2015-10-15 00:45:00;58
"99";"1011";2015-10-25 00:45:00;19,3333333333333
"100";"1011";2015-10-26 00:45:00;38,6666666666667
"101";"1011";2015-10-28 00:45:00;77,3333333333333
"102";"1011";2015-10-30 00:45:00;38,6666666666667
"103";"1011";2015-10-20 00:45:00;19,3333333333333
"104";"1011";2015-10-10 00:45:00;58
"105";"1011";2015-10-29 00:45:00;58
"106";"1011";2015-10-31 00:45:00;38,6666666666667
"107";"1011";2015-10-20 01:00:00;92
"108";"1011";2015-10-18 01:00:00;15,3333333333333
"109";"1011";2015-10-11 01:00:00;15,3333333333333
"110";"1011";2015-10-24 01:00:00;15,3333333333333
"111";"1011";2015-10-28 01:00:00;61,3333333333333
"112";"1011";2015-10-21 01:00:00;30,6666666666667
"113";"1011";2015-10-15 01:00:00;76,6666666666667
"114";"1011";2015-10-09 01:00:00;15,3333333333333
"115";"1011";2015-10-27 01:00:00;30,6666666666667
"116";"1011";2015-10-08 01:00:00;46
"117";"1011";2015-10-17 01:00:00;15,3333333333333
"118";"1011";2015-10-25 01:00:00;46
"119";"1011";2015-10-22 01:00:00;30,6666666666667
"120";"1011";2015-10-10 01:00:00;122,666666666667
"121";"1011";2015-10-29 01:00:00;15,3333333333333
"122";"1011";2015-10-30 01:00:00;15,3333333333333
"123";"1011";2015-10-14 01:00:00;15,3333333333333
"124";"1011";2015-10-31 01:00:00;30,6666666666667
"125";"1011";2015-10-28 01:15:00;31,8333333333333
"126";"1011";2015-10-26 01:15:00;31,8333333333333
"127";"1011";2015-10-15 01:15:00;63,6666666666667
"128";"1011";2015-10-29 01:15:00;15,9166666666667
"129";"1011";2015-10-24 01:15:00;15,9166666666667
"130";"1011";2015-10-12 01:15:00;31,8333333333333
"131";"1011";2015-10-23 01:15:00;79,5833333333333
"132";"1011";2015-10-11 01:15:00;15,9166666666667
"133";"1011";2015-10-13 01:15:00;63,6666666666667
"134";"1011";2015-10-19 01:15:00;15,9166666666667
"135";"1011";2015-10-31 01:15:00;31,8333333333333
"136";"1011";2015-10-09 01:15:00;79,5833333333333
"137";"1011";2015-10-16 01:15:00;31,8333333333333
"138";"1011";2015-10-18 01:15:00;15,9166666666667
"139";"1011";2015-10-20 01:15:00;15,9166666666667
"140";"1011";2015-10-21 01:15:00;31,8333333333333
"141";"1011";2015-10-14 01:15:00;47,75
"142";"1011";2015-10-10 01:15:00;47,75
"143";"1011";2015-10-30 01:15:00;31,8333333333333
"144";"1011";2015-10-25 01:15:00;15,9166666666667
"145";"1011";2015-10-15 01:30:00;31
"146";"1011";2015-10-20 01:30:00;31
"147";"1011";2015-10-19 01:30:00;46,5
"148";"1011";2015-10-12 01:30:00;15,5
"149";"1011";2015-10-24 01:30:00;15,5
"150";"1011";2015-10-08 01:30:00;15,5
"151";"1011";2015-10-26 01:30:00;15,5
"152";"1011";2015-10-30 01:30:00;108,5
"153";"1011";2015-10-17 01:30:00;46,5
"154";"1011";2015-10-16 01:30:00;15,5
"155";"1011";2015-10-09 01:30:00;93
"156";"1011";2015-10-18 01:30:00;31
"157";"1011";2015-10-29 01:30:00;15,5
"158";"1011";2015-10-22 01:30:00;31
"159";"1011";2015-10-23 01:30:00;77,5
"160";"1011";2015-10-14 01:30:00;46,5
"161";"1011";2015-10-31 01:30:00;46,5
"162";"1011";2015-10-10 01:30:00;46,5
"163";"1011";2015-10-27 01:30:00;31
"164";"1011";2015-10-11 01:30:00;15,5
"165";"1011";2015-10-16 01:45:00;44
"166";"1011";2015-10-12 01:45:00;11
"167";"1011";2015-10-26 01:45:00;11
"168";"1011";2015-10-13 01:45:00;11
"169";"1011";2015-10-22 01:45:00;22
"170";"1011";2015-10-31 01:45:00;55
"171";"1011";2015-10-20 01:45:00;55
"172";"1011";2015-10-23 01:45:00;22
"173";"1011";2015-10-24 01:45:00;22
"174";"1011";2015-10-09 01:45:00;11
"175";"1011";2015-10-08 01:45:00;22
"176";"1011";2015-10-28 01:45:00;11
"177";"1011";2015-10-14 01:45:00;22
"178";"1011";2015-10-30 01:45:00;33
"179";"1011";2015-10-21 01:45:00;55
"180";"1011";2015-10-20 02:00:00;11
"181";"1011";2015-10-28 02:00:00;11
"182";"1011";2015-10-15 02:00:00;33
"183";"1011";2015-10-16 02:00:00;22
"184";"1011";2015-10-21 02:00:00;11
"185";"1011";2015-10-10 02:00:00;11
"186";"1011";2015-10-22 02:00:00;11
"187";"1011";2015-10-08 02:00:00;22
"188";"1011";2015-10-27 02:00:00;33
"189";"1011";2015-10-09 02:00:00;55
"190";"1011";2015-10-17 02:00:00;44
"191";"1011";2015-10-23 02:00:00;44
"192";"1011";2015-10-24 02:00:00;44
"193";"1011";2015-10-14 02:00:00;88
"194";"1011";2015-10-26 02:00:00;22
"195";"1011";2015-10-29 02:00:00;33
"196";"1011";2015-10-25 02:00:00;22
"197";"1011";2015-10-30 02:00:00;33
"198";"1011";2015-10-18 02:00:00;22
"199";"1011";2015-10-08 02:15:00;12,3333333333333
"200";"1011";2015-10-17 02:15:00;12,3333333333333
"201";"1011";2015-10-28 02:15:00;24,6666666666667
"202";"1011";2015-10-24 02:15:00;49,3333333333333
"203";"1011";2015-10-19 02:15:00;12,3333333333333
"204";"1011";2015-10-15 02:15:00;37
"205";"1011";2015-10-10 02:15:00;49,3333333333333
"206";"1011";2015-10-22 02:15:00;24,6666666666667
"207";"1011";2015-10-16 02:15:00;49,3333333333333
"208";"1011";2015-10-12 02:15:00;12,3333333333333
"209";"1011";2015-10-18 02:15:00;12,3333333333333
"210";"1011";2015-10-11 02:15:00;24,6666666666667
"211";"1011";2015-10-09 02:15:00;98,6666666666667
"212";"1011";2015-10-21 02:15:00;49,3333333333333
"213";"1011";2015-10-30 02:15:00;12,3333333333333
"214";"1011";2015-10-26 02:15:00;12,3333333333333
"215";"1011";2015-10-27 02:15:00;24,6666666666667
"216";"1011";2015-10-14 02:15:00;37
"217";"1011";2015-10-25 02:15:00;12,3333333333333
"218";"1011";2015-10-15 02:30:00;60
"219";"1011";2015-10-20 02:30:00;84
"220";"1011";2015-10-08 02:30:00;48
"221";"1011";2015-10-16 02:30:00;24
"222";"1011";2015-10-21 02:30:00;60
"223";"1011";2015-10-18 02:30:00;12
"224";"1011";2015-10-24 02:30:00;12
"225";"1011";2015-10-17 02:30:00;12
"226";"1011";2015-10-22 02:30:00;12
"227";"1011";2015-10-09 02:30:00;36
"228";"1011";2015-10-26 02:30:00;12
"229";"1011";2015-10-23 02:30:00;12
"230";"1011";2015-10-14 02:30:00;12
"231";"1011";2015-10-10 02:30:00;24
"232";"1011";2015-10-13 02:30:00;24
"233";"1011";2015-10-30 02:30:00;24
"234";"1011";2015-10-27 02:30:00;24
"235";"1011";2015-10-08 02:45:00;39
"236";"1011";2015-10-29 02:45:00;26
"237";"1011";2015-10-28 02:45:00;65
"238";"1011";2015-10-16 02:45:00;26
"239";"1011";2015-10-30 02:45:00;52
"240";"1011";2015-10-17 02:45:00;26
"241";"1011";2015-10-21 02:45:00;65
"242";"1011";2015-10-10 02:45:00;26
"243";"1011";2015-10-22 02:45:00;26
"244";"1011";2015-10-23 02:45:00;39
"245";"1011";2015-10-18 02:45:00;26
"246";"1011";2015-10-24 02:45:00;13
"247";"1011";2015-10-25 02:45:00;52
"248";"1011";2015-10-26 02:45:00;13
"249";"1011";2015-10-09 02:45:00;13
"250";"1011";2015-10-11 02:45:00;13
"251";"1011";2015-10-14 02:45:00;65
"252";"1011";2015-10-28 03:00:00;13,25
"253";"1011";2015-10-19 03:00:00;39,75
"254";"1011";2015-10-15 03:00:00;13,25
"255";"1011";2015-10-12 03:00:00;13,25
"256";"1011";2015-10-16 03:00:00;39,75
"257";"1011";2015-10-13 03:00:00;26,5
"258";"1011";2015-10-31 03:00:00;13,25
"259";"1011";2015-10-14 03:00:00;79,5
"260";"1011";2015-10-11 03:00:00;13,25
"261";"1011";2015-10-20 03:00:00;26,5
"262";"1011";2015-10-17 03:00:00;13,25
"263";"1011";2015-10-24 03:00:00;13,25
"264";"1011";2015-10-22 03:00:00;39,75
"265";"1011";2015-10-29 03:00:00;39,75
"266";"1011";2015-10-23 03:00:00;13,25
"267";"1011";2015-10-30 03:00:00;26,5
"268";"1011";2015-10-10 03:00:00;26,5
"269";"1011";2015-10-21 03:00:00;39,75
"270";"1011";2015-10-18 03:00:00;26,5
"271";"1011";2015-10-26 03:00:00;26,5
"272";"1011";2015-10-08 03:15:00;22
"273";"1011";2015-10-21 03:15:00;11
"274";"1011";2015-10-12 03:15:00;11
"275";"1011";2015-10-17 03:15:00;11
"276";"1011";2015-10-19 03:15:00;44
"277";"1011";2015-10-20 03:15:00;22
"278";"1011";2015-10-09 03:15:00;22
"279";"1011";2015-10-14 03:15:00;11
"280";"1011";2015-10-29 03:15:00;33
"281";"1011";2015-10-13 03:15:00;11
"282";"1011";2015-10-30 03:15:00;33
"283";"1011";2015-10-23 03:15:00;33
"284";"1011";2015-10-26 03:15:00;33
"285";"1011";2015-10-31 03:15:00;11
"286";"1011";2015-10-28 03:15:00;44
"287";"1011";2015-10-18 03:15:00;11
"288";"1011";2015-10-15 03:15:00;33
"289";"1011";2015-10-10 03:15:00;22
"290";"1011";2015-10-22 03:15:00;11
"291";"1011";2015-10-24 03:15:00;33
"292";"1011";2015-10-20 03:30:00;13
"293";"1011";2015-10-12 03:30:00;13
"294";"1011";2015-10-09 03:30:00;78
"295";"1011";2015-10-16 03:30:00;26
"296";"1011";2015-10-29 03:30:00;13
"297";"1011";2015-10-14 03:30:00;104
"298";"1011";2015-10-15 03:30:00;52
"299";"1011";2015-10-19 03:30:00;13
"300";"1011";2015-10-17 03:30:00;65
"301";"1011";2015-10-08 03:30:00;91
"302";"1011";2015-10-24 03:30:00;39
"303";"1011";2015-10-30 03:30:00;13
"304";"1011";2015-10-31 03:30:00;13
"305";"1011";2015-10-26 03:30:00;13
"306";"1011";2015-10-18 03:30:00;13
"307";"1011";2015-10-27 03:30:00;65
"308";"1011";2015-10-22 03:30:00;26
"309";"1011";2015-10-23 03:30:00;13
"310";"1011";2015-10-21 03:30:00;52
"311";"1011";2015-10-10 03:30:00;39
"312";"1011";2015-10-09 03:45:00;11,5
"313";"1011";2015-10-21 03:45:00;34,5
"314";"1011";2015-10-22 03:45:00;11,5
"315";"1011";2015-10-26 03:45:00;11,5
"316";"1011";2015-10-13 03:45:00;11,5
"317";"1011";2015-10-28 03:45:00;23
"318";"1011";2015-10-20 03:45:00;46
"319";"1011";2015-10-10 03:45:00;11,5
"320";"1011";2015-10-15 03:45:00;69
"321";"1011";2015-10-17 03:45:00;11,5
"322";"1011";2015-10-16 03:45:00;23
"323";"1011";2015-10-29 03:45:00;34,5
"324";"1011";2015-10-19 03:45:00;11,5
"325";"1011";2015-10-14 03:45:00;57,5
"326";"1011";2015-10-27 03:45:00;11,5
"327";"1011";2015-10-30 03:45:00;34,5
"328";"1011";2015-10-20 04:00:00;61,25
"329";"1011";2015-10-24 04:00:00;24,5
"330";"1011";2015-10-08 04:00:00;24,5
"331";"1011";2015-10-28 04:00:00;24,5
"332";"1011";2015-10-13 04:00:00;36,75
"333";"1011";2015-10-31 04:00:00;12,25
"334";"1011";2015-10-15 04:00:00;24,5
"335";"1011";2015-10-19 04:00:00;24,5
"336";"1011";2015-10-23 04:00:00;24,5
"337";"1011";2015-10-09 04:00:00;36,75
"338";"1011";2015-10-10 04:00:00;24,5
"339";"1011";2015-10-30 04:00:00;73,5
"340";"1011";2015-10-29 04:00:00;24,5
"341";"1011";2015-10-21 04:00:00;24,5
"342";"1011";2015-10-16 04:00:00;12,25
"343";"1011";2015-10-22 04:00:00;12,25
"344";"1011";2015-10-27 04:00:00;49
"345";"1011";2015-10-14 04:00:00;98
"346";"1011";2015-10-14 04:15:00;19
"347";"1011";2015-10-21 04:15:00;19
"348";"1011";2015-10-10 04:15:00;66,5
"349";"1011";2015-10-31 04:15:00;9,5
"350";"1011";2015-10-20 04:15:00;19
"351";"1011";2015-10-09 04:15:00;19
"352";"1011";2015-10-15 04:15:00;66,5
"353";"1011";2015-10-16 04:15:00;133
"354";"1011";2015-10-13 04:15:00;47,5
"355";"1011";2015-10-24 04:15:00;19
"356";"1011";2015-10-28 04:15:00;57
"357";"1011";2015-10-18 04:15:00;9,5
"358";"1011";2015-10-27 04:15:00;28,5
"359";"1011";2015-10-17 04:15:00;19
"360";"1011";2015-10-23 04:15:00;28,5
"361";"1011";2015-10-22 04:15:00;28,5
"362";"1011";2015-10-19 04:15:00;9,5
"363";"1011";2015-10-08 04:15:00;38
"364";"1011";2015-10-26 04:15:00;9,5
"365";"1011";2015-10-29 04:30:00;18
"366";"1011";2015-10-20 04:30:00;54
"367";"1011";2015-10-27 04:30:00;36
"368";"1011";2015-10-15 04:30:00;63
"369";"1011";2015-10-25 04:30:00;9
"370";"1011";2015-10-28 04:30:00;54
"371";"1011";2015-10-23 04:30:00;9
"372";"1011";2015-10-31 04:30:00;9
"373";"1011";2015-10-24 04:30:00;9
"374";"1011";2015-10-10 04:30:00;45
"375";"1011";2015-10-14 04:30:00;9
"376";"1011";2015-10-13 04:30:00;18
"377";"1011";2015-10-08 04:30:00;18
"378";"1011";2015-10-16 04:30:00;36
"379";"1011";2015-10-09 04:30:00;18
"380";"1011";2015-10-26 04:30:00;18
"381";"1011";2015-10-11 04:30:00;9
"382";"1011";2015-10-30 04:30:00;18
"383";"1011";2015-10-25 04:45:00;10,375
"384";"1011";2015-10-22 04:45:00;31,125
"385";"1011";2015-10-14 04:45:00;20,75
"386";"1011";2015-10-08 04:45:00;10,375
"387";"1011";2015-10-09 04:45:00;72,625
"388";"1011";2015-10-12 04:45:00;10,375
"389";"1011";2015-10-29 04:45:00;41,5
"390";"1011";2015-10-13 04:45:00;41,5
"391";"1011";2015-10-24 04:45:00;41,5
"392";"1011";2015-10-15 04:45:00;41,5
"393";"1011";2015-10-19 04:45:00;10,375
"394";"1011";2015-10-17 04:45:00;20,75
"395";"1011";2015-10-28 04:45:00;31,125
"396";"1011";2015-10-21 04:45:00;10,375
"397";"1011";2015-10-11 04:45:00;10,375
"398";"1011";2015-10-31 04:45:00;10,375
"399";"1011";2015-10-20 04:45:00;20,75
"400";"1011";2015-10-16 04:45:00;31,125
"401";"1011";2015-10-27 04:45:00;10,375
"402";"1011";2015-10-23 04:45:00;51,875
"403";"1011";2015-10-30 04:45:00;20,75
"404";"1011";2015-10-26 04:45:00;10,375
"405";"1011";2015-10-15 05:00:00;63
"406";"1011";2015-10-13 05:00:00;10,5
"407";"1011";2015-10-27 05:00:00;10,5
"408";"1011";2015-10-19 05:00:00;21
"409";"1011";2015-10-20 05:00:00;73,5
"410";"1011";2015-10-28 05:00:00;21
"411";"1011";2015-10-30 05:00:00;31,5
"412";"1011";2015-10-24 05:00:00;21
"413";"1011";2015-10-17 05:00:00;10,5
"414";"1011";2015-10-26 05:00:00;42
"415";"1011";2015-10-14 05:00:00;52,5
"416";"1011";2015-10-29 05:00:00;10,5
"417";"1011";2015-10-21 05:00:00;73,5
"418";"1011";2015-10-08 05:00:00;73,5
"419";"1011";2015-10-16 05:00:00;52,5
"420";"1011";2015-10-12 05:00:00;31,5
"421";"1011";2015-10-23 05:00:00;42
"422";"1011";2015-10-11 05:00:00;10,5
"423";"1011";2015-10-22 05:00:00;21
"424";"1011";2015-10-10 05:00:00;21
"425";"1011";2015-10-18 05:00:00;10,5
"426";"1011";2015-10-09 05:00:00;10,5
"427";"1011";2015-10-20 05:15:00;27,75
"428";"1011";2015-10-17 05:15:00;18,5
"429";"1011";2015-10-15 05:15:00;74
"430";"1011";2015-10-27 05:15:00;27,75
"431";"1011";2015-10-13 05:15:00;46,25
"432";"1011";2015-10-24 05:15:00;27,75
"433";"1011";2015-10-09 05:15:00;27,75
"434";"1011";2015-10-30 05:15:00;27,75
"435";"1011";2015-10-21 05:15:00;18,5
"436";"1011";2015-10-16 05:15:00;18,5
"437";"1011";2015-10-29 05:15:00;37
"438";"1011";2015-10-14 05:15:00;37
"439";"1011";2015-10-23 05:15:00;18,5
"440";"1011";2015-10-31 05:15:00;9,25
"441";"1011";2015-10-08 05:15:00;27,75
"442";"1011";2015-10-28 05:15:00;18,5
"443";"1011";2015-10-10 05:15:00;37
"444";"1011";2015-10-12 05:15:00;27,75
"445";"1011";2015-10-22 05:15:00;18,5
"446";"1011";2015-10-26 05:15:00;55,5
"447";"1011";2015-10-21 05:30:00;6,75
"448";"1011";2015-10-17 05:30:00;47,25
"449";"1011";2015-10-08 05:30:00;27
"450";"1011";2015-10-28 05:30:00;13,5
"451";"1011";2015-10-13 05:30:00;13,5
"452";"1011";2015-10-19 05:30:00;74,25
"453";"1011";2015-10-12 05:30:00;20,25
"454";"1011";2015-10-31 05:30:00;6,75
"455";"1011";2015-10-16 05:30:00;20,25
"456";"1011";2015-10-11 05:30:00;20,25
"457";"1011";2015-10-24 05:30:00;33,75
"458";"1011";2015-10-20 05:30:00;40,5
"459";"1011";2015-10-09 05:30:00;33,75
"460";"1011";2015-10-27 05:30:00;27
"461";"1011";2015-10-14 05:30:00;20,25
"462";"1011";2015-10-15 05:30:00;13,5
"463";"1011";2015-10-10 05:30:00;54
"464";"1011";2015-10-30 05:30:00;27
"465";"1011";2015-10-26 05:30:00;33,75
"466";"1011";2015-10-29 05:30:00;6,75
"467";"1011";2015-10-22 05:30:00;33,75
"468";"1011";2015-10-12 05:45:00;9,625
"469";"1011";2015-10-13 05:45:00;28,875
"470";"1011";2015-10-19 05:45:00;38,5
"471";"1011";2015-10-20 05:45:00;57,75
"472";"1011";2015-10-17 05:45:00;19,25
"473";"1011";2015-10-26 05:45:00;28,875
"474";"1011";2015-10-29 05:45:00;9,625
"475";"1011";2015-10-24 05:45:00;28,875
"476";"1011";2015-10-15 05:45:00;77
"477";"1011";2015-10-09 05:45:00;38,5
"478";"1011";2015-10-25 05:45:00;19,25
"479";"1011";2015-10-23 05:45:00;38,5
"480";"1011";2015-10-08 05:45:00;19,25
"481";"1011";2015-10-28 05:45:00;19,25
"482";"1011";2015-10-21 05:45:00;38,5
"483";"1011";2015-10-22 05:45:00;48,125
"484";"1011";2015-10-14 05:45:00;48,125
"485";"1011";2015-10-11 05:45:00;28,875
"486";"1011";2015-10-30 05:45:00;9,625
"487";"1011";2015-10-18 05:45:00;9,625
"488";"1011";2015-10-16 05:45:00;57,75
"489";"1011";2015-10-10 05:45:00;19,25
"490";"1011";2015-10-09 06:00:00;35,25
"491";"1011";2015-10-20 06:00:00;105,75
"492";"1011";2015-10-23 06:00:00;47
"493";"1011";2015-10-24 06:00:00;11,75
"494";"1011";2015-10-19 06:00:00;58,75
"495";"1011";2015-10-17 06:00:00;23,5
"496";"1011";2015-10-08 06:00:00;35,25
"497";"1011";2015-10-21 06:00:00;35,25
"498";"1011";2015-10-31 06:00:00;23,5
"499";"1011";2015-10-29 06:00:00;58,75
"500";"1011";2015-10-15 06:00:00;11,75
"501";"1011";2015-10-18 06:00:00;11,75
"502";"1011";2015-10-27 06:00:00;23,5
"503";"1011";2015-10-16 06:00:00;82,25
"504";"1011";2015-10-30 06:00:00;141
"505";"1011";2015-10-28 06:00:00;23,5
"506";"1011";2015-10-10 06:00:00;23,5
"507";"1011";2015-10-22 06:00:00;70,5
"508";"1011";2015-10-26 06:00:00;82,25
"509";"1011";2015-10-13 06:15:00;42,1
"510";"1011";2015-10-19 06:15:00;42,1
"511";"1011";2015-10-17 06:15:00;31,575
"512";"1011";2015-10-11 06:15:00;10,525
"513";"1011";2015-10-16 06:15:00;73,675
"514";"1011";2015-10-29 06:15:00;42,1
"515";"1011";2015-10-30 06:15:00;21,05
"516";"1011";2015-10-28 06:15:00;52,625
"517";"1011";2015-10-14 06:15:00;84,2
"518";"1011";2015-10-24 06:15:00;10,525
"519";"1011";2015-10-31 06:15:00;42,1
"520";"1011";2015-10-09 06:15:00;52,625
"521";"1011";2015-10-15 06:15:00;10,525
"522";"1011";2015-10-12 06:15:00;52,625
"523";"1011";2015-10-21 06:15:00;73,675
"524";"1011";2015-10-23 06:15:00;52,625
"525";"1011";2015-10-27 06:15:00;42,1
"526";"1011";2015-10-08 06:15:00;63,15
"527";"1011";2015-10-26 06:15:00;63,15
"528";"1011";2015-10-22 06:15:00;31,575
"529";"1011";2015-10-10 06:15:00;94,725
"530";"1011";2015-10-20 06:15:00;84,2
"531";"1011";2015-10-08 06:30:00;36,75
"532";"1011";2015-10-13 06:30:00;24,5
"533";"1011";2015-10-20 06:30:00;85,75
"534";"1011";2015-10-15 06:30:00;110,25
"535";"1011";2015-10-17 06:30:00;24,5
"536";"1011";2015-10-12 06:30:00;12,25
"537";"1011";2015-10-18 06:30:00;12,25
"538";"1011";2015-10-22 06:30:00;49
"539";"1011";2015-10-19 06:30:00;36,75
"540";"1011";2015-10-28 06:30:00;73,5
"541";"1011";2015-10-09 06:30:00;73,5
"542";"1011";2015-10-14 06:30:00;73,5
"543";"1011";2015-10-26 06:30:00;49
"544";"1011";2015-10-24 06:30:00;24,5
"545";"1011";2015-10-31 06:30:00;49
"546";"1011";2015-10-10 06:30:00;49
"547";"1011";2015-10-21 06:30:00;24,5
"548";"1011";2015-10-27 06:30:00;61,25
"549";"1011";2015-10-29 06:30:00;85,75
"550";"1011";2015-10-16 06:30:00;73,5
"551";"1011";2015-10-23 06:30:00;36,75
"552";"1011";2015-10-30 06:30:00;98
"553";"1011";2015-10-13 06:45:00;62,5714285714286
"554";"1011";2015-10-08 06:45:00;52,1428571428571
"555";"1011";2015-10-17 06:45:00;41,7142857142857
"556";"1011";2015-10-28 06:45:00;73
"557";"1011";2015-10-16 06:45:00;93,8571428571429
"558";"1011";2015-10-25 06:45:00;31,2857142857143
"559";"1011";2015-10-09 06:45:00;114,714285714286
"560";"1011";2015-10-31 06:45:00;31,2857142857143
"561";"1011";2015-10-12 06:45:00;20,8571428571429
"562";"1011";2015-10-20 06:45:00;10,4285714285714
"563";"1011";2015-10-24 06:45:00;10,4285714285714
"564";"1011";2015-10-21 06:45:00;41,7142857142857
"565";"1011";2015-10-29 06:45:00;83,4285714285714
"566";"1011";2015-10-23 06:45:00;52,1428571428571
"567";"1011";2015-10-10 06:45:00;20,8571428571429
"568";"1011";2015-10-27 06:45:00;83,4285714285714
"569";"1011";2015-10-26 06:45:00;31,2857142857143
"570";"1011";2015-10-15 06:45:00;104,285714285714
"571";"1011";2015-10-14 06:45:00;125,142857142857
"572";"1011";2015-10-11 06:45:00;20,8571428571429
"573";"1011";2015-10-19 06:45:00;52,1428571428571
"574";"1011";2015-10-30 06:45:00;93,8571428571429
"575";"1011";2015-10-22 06:45:00;125,142857142857
"576";"1011";2015-10-13 07:00:00;164,233333333333
"577";"1011";2015-10-21 07:00:00;50,5333333333333
"578";"1011";2015-10-08 07:00:00;88,4333333333333
"579";"1011";2015-10-30 07:00:00;75,8
"580";"1011";2015-10-20 07:00:00;151,6
"581";"1011";2015-10-17 07:00:00;25,2666666666667
"582";"1011";2015-10-28 07:00:00;113,7
"583";"1011";2015-10-31 07:00:00;25,2666666666667
"584";"1011";2015-10-09 07:00:00;113,7
"585";"1011";2015-10-14 07:00:00;88,4333333333333
"586";"1011";2015-10-16 07:00:00;63,1666666666667
"587";"1011";2015-10-10 07:00:00;75,8
"588";"1011";2015-10-12 07:00:00;12,6333333333333
"589";"1011";2015-10-18 07:00:00;25,2666666666667
"590";"1011";2015-10-25 07:00:00;25,2666666666667
"591";"1011";2015-10-23 07:00:00;50,5333333333333
"592";"1011";2015-10-29 07:00:00;113,7
"593";"1011";2015-10-11 07:00:00;12,6333333333333
"594";"1011";2015-10-22 07:00:00;75,8
"595";"1011";2015-10-27 07:00:00;113,7
"596";"1011";2015-10-24 07:00:00;12,6333333333333
"597";"1011";2015-10-15 07:00:00;50,5333333333333
"598";"1011";2015-10-26 07:00:00;126,333333333333
"599";"1011";2015-10-19 07:00:00;138,966666666667
"600";"1011";2015-10-13 07:15:00;105
"601";"1011";2015-10-20 07:15:00;105
"602";"1011";2015-10-28 07:15:00;73,5
"603";"1011";2015-10-09 07:15:00;115,5
"604";"1011";2015-10-30 07:15:00;84
"605";"1011";2015-10-17 07:15:00;10,5
"606";"1011";2015-10-21 07:15:00;157,5
"607";"1011";2015-10-24 07:15:00;21
"608";"1011";2015-10-16 07:15:00;10,5
"609";"1011";2015-10-08 07:15:00;115,5
"610";"1011";2015-10-10 07:15:00;63
"611";"1011";2015-10-15 07:15:00;73,5
"612";"1011";2015-10-29 07:15:00;42
"613";"1011";2015-10-19 07:15:00;126
"614";"1011";2015-10-22 07:15:00;126
"615";"1011";2015-10-26 07:15:00;84
"616";"1011";2015-10-14 07:15:00;73,5
"617";"1011";2015-10-27 07:15:00;115,5
"618";"1011";2015-10-31 07:15:00;31,5
"619";"1011";2015-10-23 07:15:00;52,5
"620";"1011";2015-10-18 07:15:00;21
"621";"1011";2015-10-10 07:30:00;67,3020833333333
"622";"1011";2015-10-24 07:30:00;57,6875
"623";"1011";2015-10-08 07:30:00;153,833333333333
"624";"1011";2015-10-15 07:30:00;163,447916666667
"625";"1011";2015-10-17 07:30:00;38,4583333333333
"626";"1011";2015-10-21 07:30:00;86,53125
"627";"1011";2015-10-25 07:30:00;19,2291666666667
"628";"1011";2015-10-26 07:30:00;153,833333333333
"629";"1011";2015-10-20 07:30:00;115,375
"630";"1011";2015-10-14 07:30:00;249,979166666667
"631";"1011";2015-10-16 07:30:00;153,833333333333
"632";"1011";2015-10-13 07:30:00;163,447916666667
"633";"1011";2015-10-27 07:30:00;105,760416666667
"634";"1011";2015-10-09 07:30:00;182,677083333333
"635";"1011";2015-10-22 07:30:00;105,760416666667
"636";"1011";2015-10-29 07:30:00;163,447916666667
"637";"1011";2015-10-18 07:30:00;48,0729166666667
"638";"1011";2015-10-30 07:30:00;144,21875
"639";"1011";2015-10-19 07:30:00;144,21875
"640";"1011";2015-10-28 07:30:00;115,375
"641";"1011";2015-10-23 07:30:00;201,90625
"642";"1011";2015-10-11 07:30:00;48,0729166666667
"643";"1011";2015-10-25 07:45:00;15,5
"644";"1011";2015-10-20 07:45:00;201,5
"645";"1011";2015-10-24 07:45:00;15,5
"646";"1011";2015-10-23 07:45:00;310
"647";"1011";2015-10-31 07:45:00;93
"648";"1011";2015-10-08 07:45:00;232,5
"649";"1011";2015-10-09 07:45:00;341
"650";"1011";2015-10-16 07:45:00;279
"651";"1011";2015-10-12 07:45:00;31
"652";"1011";2015-10-27 07:45:00;186
"653";"1011";2015-10-14 07:45:00;108,5
"654";"1011";2015-10-22 07:45:00;186
"655";"1011";2015-10-28 07:45:00;155
"656";"1011";2015-10-18 07:45:00;15,5
"657";"1011";2015-10-21 07:45:00;263,5
"658";"1011";2015-10-13 07:45:00;310
"659";"1011";2015-10-19 07:45:00;294,5
"660";"1011";2015-10-10 07:45:00;77,5
"661";"1011";2015-10-30 07:45:00;170,5
"662";"1011";2015-10-15 07:45:00;310
"663";"1011";2015-10-17 07:45:00;46,5
"664";"1011";2015-10-26 07:45:00;170,5
"665";"1011";2015-10-29 07:45:00;155
"666";"1011";2015-10-11 08:00:00;32,9142857142857
"667";"1011";2015-10-08 08:00:00;246,857142857143
"668";"1011";2015-10-24 08:00:00;65,8285714285714
"669";"1011";2015-10-31 08:00:00;49,3714285714286
"670";"1011";2015-10-27 08:00:00;164,571428571429
"671";"1011";2015-10-15 08:00:00;246,857142857143
"672";"1011";2015-10-23 08:00:00;98,7428571428571
"673";"1011";2015-10-14 08:00:00;164,571428571429
"674";"1011";2015-10-09 08:00:00;263,314285714286
"675";"1011";2015-10-22 08:00:00;131,657142857143
"676";"1011";2015-10-13 08:00:00;362,057142857143
"677";"1011";2015-10-25 08:00:00;49,3714285714286
"678";"1011";2015-10-21 08:00:00;131,657142857143
"679";"1011";2015-10-28 08:00:00;148,114285714286
"680";"1011";2015-10-16 08:00:00;164,571428571429
"681";"1011";2015-10-30 08:00:00;164,571428571429
"682";"1011";2015-10-17 08:00:00;82,2857142857143
"683";"1011";2015-10-19 08:00:00;279,771428571429
"684";"1011";2015-10-29 08:00:00;230,4
"685";"1011";2015-10-26 08:00:00;164,571428571429
"686";"1011";2015-10-20 08:00:00;296,228571428571
"687";"1011";2015-10-10 08:00:00;115,2
"688";"1011";2015-10-15 08:15:00;288,138888888889
"689";"1011";2015-10-23 08:15:00;130,972222222222
"690";"1011";2015-10-31 08:15:00;52,3888888888889
"691";"1011";2015-10-30 08:15:00;288,138888888889
"692";"1011";2015-10-24 08:15:00;39,2916666666667
"693";"1011";2015-10-27 08:15:00;209,555555555556
"694";"1011";2015-10-11 08:15:00;91,6805555555555
"695";"1011";2015-10-14 08:15:00;170,263888888889
"696";"1011";2015-10-18 08:15:00;52,3888888888889
"697";"1011";2015-10-19 08:15:00;222,652777777778
"698";"1011";2015-10-20 08:15:00;261,944444444444
"699";"1011";2015-10-17 08:15:00;117,875
"700";"1011";2015-10-10 08:15:00;65,4861111111111
"701";"1011";2015-10-13 08:15:00;130,972222222222
"702";"1011";2015-10-29 08:15:00;235,75
"703";"1011";2015-10-12 08:15:00;91,6805555555555
"704";"1011";2015-10-25 08:15:00;13,0972222222222
"705";"1011";2015-10-09 08:15:00;196,458333333333
"706";"1011";2015-10-22 08:15:00;248,847222222222
"707";"1011";2015-10-08 08:15:00;65,4861111111111
"708";"1011";2015-10-16 08:15:00;261,944444444444
"709";"1011";2015-10-28 08:15:00;130,972222222222
"710";"1011";2015-10-21 08:15:00;196,458333333333
"711";"1011";2015-10-26 08:15:00;130,972222222222
"712";"1011";2015-10-15 08:30:00;264,8125
"713";"1011";2015-10-13 08:30:00;348,4375
"714";"1011";2015-10-31 08:30:00;69,6875
"715";"1011";2015-10-17 08:30:00;111,5
"716";"1011";2015-10-23 08:30:00;181,1875
"717";"1011";2015-10-25 08:30:00;13,9375
"718";"1011";2015-10-14 08:30:00;334,5
"719";"1011";2015-10-26 08:30:00;236,9375
"720";"1011";2015-10-22 08:30:00;250,875
"721";"1011";2015-10-24 08:30:00;97,5625
"722";"1011";2015-10-30 08:30:00;167,25
"723";"1011";2015-10-29 08:30:00;153,3125
"724";"1011";2015-10-08 08:30:00;250,875
"725";"1011";2015-10-11 08:30:00;41,8125
"726";"1011";2015-10-19 08:30:00;264,8125
"727";"1011";2015-10-20 08:30:00;153,3125
"728";"1011";2015-10-12 08:30:00;27,875
"729";"1011";2015-10-10 08:30:00;250,875
"730";"1011";2015-10-21 08:30:00;223
"731";"1011";2015-10-09 08:30:00;487,8125
"732";"1011";2015-10-27 08:30:00;320,5625
"733";"1011";2015-10-16 08:30:00;390,25
"734";"1011";2015-10-28 08:30:00;209,0625
"735";"1011";2015-10-15 08:45:00;410,4
"736";"1011";2015-10-24 08:45:00;85,5
"737";"1011";2015-10-13 08:45:00;307,8
"738";"1011";2015-10-25 08:45:00;85,5
"739";"1011";2015-10-31 08:45:00;171
"740";"1011";2015-10-19 08:45:00;256,5
"741";"1011";2015-10-14 08:45:00;307,8
"742";"1011";2015-10-22 08:45:00;153,9
"743";"1011";2015-10-23 08:45:00;324,9
"744";"1011";2015-10-17 08:45:00;119,7
"745";"1011";2015-10-30 08:45:00;256,5
"746";"1011";2015-10-26 08:45:00;273,6
"747";"1011";2015-10-18 08:45:00;34,2
"748";"1011";2015-10-27 08:45:00;239,4
"749";"1011";2015-10-09 08:45:00;581,4
"750";"1011";2015-10-08 08:45:00;205,2
"751";"1011";2015-10-11 08:45:00;51,3
"752";"1011";2015-10-29 08:45:00;290,7
"753";"1011";2015-10-20 08:45:00;342
"754";"1011";2015-10-16 08:45:00;495,9
"755";"1011";2015-10-10 08:45:00;239,4
"756";"1011";2015-10-28 08:45:00;171
"757";"1011";2015-10-12 08:45:00;102,6
"758";"1011";2015-10-21 08:45:00;222,3
"759";"1011";2015-10-24 09:00:00;41,1666666666667
"760";"1011";2015-10-18 09:00:00;61,75
"761";"1011";2015-10-27 09:00:00;247
"762";"1011";2015-10-31 09:00:00;226,416666666667
"763";"1011";2015-10-23 09:00:00;123,5
"764";"1011";2015-10-22 09:00:00;247
"765";"1011";2015-10-19 09:00:00;185,25
"766";"1011";2015-10-13 09:00:00;494
"767";"1011";2015-10-09 09:00:00;432,25
"768";"1011";2015-10-15 09:00:00;370,5
"769";"1011";2015-10-21 09:00:00;144,083333333333
"770";"1011";2015-10-14 09:00:00;329,333333333333
"771";"1011";2015-10-11 09:00:00;61,75
"772";"1011";2015-10-30 09:00:00;349,916666666667
"773";"1011";2015-10-08 09:00:00;288,166666666667
"774";"1011";2015-10-26 09:00:00;164,666666666667
"775";"1011";2015-10-20 09:00:00;288,166666666667
"776";"1011";2015-10-17 09:00:00;61,75
"777";"1011";2015-10-16 09:00:00;452,833333333333
"778";"1011";2015-10-10 09:00:00;267,583333333333
"779";"1011";2015-10-29 09:00:00;164,666666666667
"780";"1011";2015-10-12 09:00:00;41,1666666666667
"781";"1011";2015-10-25 09:00:00;20,5833333333333
"782";"1011";2015-10-28 09:00:00;247
"783";"1011";2015-10-31 09:15:00;101,733333333333
"784";"1011";2015-10-13 09:15:00;334,266666666667
"785";"1011";2015-10-23 09:15:00;145,333333333333
"786";"1011";2015-10-19 09:15:00;247,066666666667
"787";"1011";2015-10-15 09:15:00;319,733333333333
"788";"1011";2015-10-30 09:15:00;276,133333333333
"789";"1011";2015-10-08 09:15:00;203,466666666667
"790";"1011";2015-10-27 09:15:00;305,2
"791";"1011";2015-10-20 09:15:00;247,066666666667
"792";"1011";2015-10-11 09:15:00;29,0666666666667
"793";"1011";2015-10-14 09:15:00;247,066666666667
"794";"1011";2015-10-16 09:15:00;261,6
"795";"1011";2015-10-25 09:15:00;101,733333333333
"796";"1011";2015-10-17 09:15:00;116,266666666667
"797";"1011";2015-10-22 09:15:00;218
"798";"1011";2015-10-24 09:15:00;130,8
"799";"1011";2015-10-21 09:15:00;116,266666666667
"800";"1011";2015-10-28 09:15:00;145,333333333333
"801";"1011";2015-10-09 09:15:00;334,266666666667
"802";"1011";2015-10-26 09:15:00;174,4
"803";"1011";2015-10-12 09:15:00;101,733333333333
"804";"1011";2015-10-10 09:15:00;261,6
"805";"1011";2015-10-18 09:15:00;29,0666666666667
"806";"1011";2015-10-29 09:15:00;218
"807";"1011";2015-10-17 09:30:00;130,535416666667
"808";"1011";2015-10-13 09:30:00;372,958333333333
"809";"1011";2015-10-20 09:30:00;410,254166666667
"810";"1011";2015-10-09 09:30:00;503,49375
"811";"1011";2015-10-30 09:30:00;242,422916666667
"812";"1011";2015-10-11 09:30:00;167,83125
"813";"1011";2015-10-18 09:30:00;111,8875
"814";"1011";2015-10-15 09:30:00;223,775
"815";"1011";2015-10-19 09:30:00;298,366666666667
"816";"1011";2015-10-12 09:30:00;74,5916666666667
"817";"1011";2015-10-23 09:30:00;279,71875
"818";"1011";2015-10-08 09:30:00;223,775
"819";"1011";2015-10-26 09:30:00;279,71875
"820";"1011";2015-10-22 09:30:00;279,71875
"821";"1011";2015-10-31 09:30:00;111,8875
"822";"1011";2015-10-28 09:30:00;167,83125
"823";"1011";2015-10-27 09:30:00;335,6625
"824";"1011";2015-10-10 09:30:00;149,183333333333
"825";"1011";2015-10-29 09:30:00;298,366666666667
"826";"1011";2015-10-24 09:30:00;74,5916666666667
"827";"1011";2015-10-25 09:30:00;55,94375
"828";"1011";2015-10-16 09:30:00;447,55
"829";"1011";2015-10-21 09:30:00;242,422916666667
"830";"1011";2015-10-14 09:30:00;298,366666666667
"831";"1011";2015-10-28 09:45:00;526,346153846154
"832";"1011";2015-10-22 09:45:00;274,615384615385
"833";"1011";2015-10-13 09:45:00;457,692307692308
"834";"1011";2015-10-19 09:45:00;205,961538461538
"835";"1011";2015-10-12 09:45:00;68,6538461538462
"836";"1011";2015-10-17 09:45:00;114,423076923077
"837";"1011";2015-10-16 09:45:00;366,153846153846
"838";"1011";2015-10-09 09:45:00;595
"839";"1011";2015-10-08 09:45:00;251,730769230769
"840";"1011";2015-10-20 09:45:00;274,615384615385
"841";"1011";2015-10-30 09:45:00;251,730769230769
"842";"1011";2015-10-25 09:45:00;22,8846153846154
"843";"1011";2015-10-26 09:45:00;320,384615384615
"844";"1011";2015-10-27 09:45:00;366,153846153846
"845";"1011";2015-10-31 09:45:00;251,730769230769
"846";"1011";2015-10-11 09:45:00;91,5384615384615
"847";"1011";2015-10-23 09:45:00;320,384615384615
"848";"1011";2015-10-21 09:45:00;297,5
"849";"1011";2015-10-15 09:45:00;457,692307692308
"850";"1011";2015-10-18 09:45:00;45,7692307692308
"851";"1011";2015-10-10 09:45:00;389,038461538462
"852";"1011";2015-10-24 09:45:00;137,307692307692
"853";"1011";2015-10-29 09:45:00;274,615384615385
"854";"1011";2015-10-14 09:45:00;411,923076923077
"855";"1011";2015-10-13 10:00:00;406,3
"856";"1011";2015-10-09 10:00:00;519,161111111111
"857";"1011";2015-10-20 10:00:00;203,15
"858";"1011";2015-10-08 10:00:00;338,583333333333
"859";"1011";2015-10-17 10:00:00;361,155555555556
"860";"1011";2015-10-30 10:00:00;112,861111111111
"861";"1011";2015-10-28 10:00:00;135,433333333333
"862";"1011";2015-10-21 10:00:00;225,722222222222
"863";"1011";2015-10-23 10:00:00;112,861111111111
"864";"1011";2015-10-16 10:00:00;428,872222222222
"865";"1011";2015-10-25 10:00:00;45,1444444444444
"866";"1011";2015-10-12 10:00:00;22,5722222222222
"867";"1011";2015-10-22 10:00:00;383,727777777778
"868";"1011";2015-10-31 10:00:00;22,5722222222222
"869";"1011";2015-10-27 10:00:00;293,438888888889
"870";"1011";2015-10-26 10:00:00;406,3
"871";"1011";2015-10-11 10:00:00;135,433333333333
"872";"1011";2015-10-18 10:00:00;45,1444444444444
"873";"1011";2015-10-10 10:00:00;135,433333333333
"874";"1011";2015-10-19 10:00:00;203,15
"875";"1011";2015-10-29 10:00:00;248,294444444444
"876";"1011";2015-10-24 10:00:00;158,005555555556
"877";"1011";2015-10-14 10:00:00;428,872222222222
"878";"1011";2015-10-15 10:00:00;519,161111111111
"879";"1011";2015-10-20 10:15:00;192
"880";"1011";2015-10-08 10:15:00;213,333333333333
"881";"1011";2015-10-16 10:15:00;256
"882";"1011";2015-10-17 10:15:00;106,666666666667
"883";"1011";2015-10-09 10:15:00;256
"884";"1011";2015-10-22 10:15:00;192
"885";"1011";2015-10-25 10:15:00;42,6666666666667
"886";"1011";2015-10-28 10:15:00;170,666666666667
"887";"1011";2015-10-30 10:15:00;234,666666666667
"888";"1011";2015-10-26 10:15:00;192
"889";"1011";2015-10-29 10:15:00;234,666666666667
"890";"1011";2015-10-21 10:15:00;170,666666666667
"891";"1011";2015-10-13 10:15:00;277,333333333333
"892";"1011";2015-10-15 10:15:00;320
"893";"1011";2015-10-14 10:15:00;298,666666666667
"894";"1011";2015-10-24 10:15:00;170,666666666667
"895";"1011";2015-10-10 10:15:00;256
"896";"1011";2015-10-31 10:15:00;149,333333333333
"897";"1011";2015-10-12 10:15:00;149,333333333333
"898";"1011";2015-10-23 10:15:00;298,666666666667
"899";"1011";2015-10-18 10:15:00;85,3333333333333
"900";"1011";2015-10-11 10:15:00;42,6666666666667
"901";"1011";2015-10-19 10:15:00;213,333333333333
"902";"1011";2015-10-27 10:15:00;192
"903";"1011";2015-10-08 10:30:00;213
"904";"1011";2015-10-09 10:30:00;404,7
"905";"1011";2015-10-30 10:30:00;85,2
"906";"1011";2015-10-25 10:30:00;191,7
"907";"1011";2015-10-16 10:30:00;191,7
"908";"1011";2015-10-20 10:30:00;234,3
"909";"1011";2015-10-17 10:30:00;170,4
"910";"1011";2015-10-10 10:30:00;191,7
"911";"1011";2015-10-29 10:30:00;170,4
"912";"1011";2015-10-28 10:30:00;255,6
"913";"1011";2015-10-21 10:30:00;213
"914";"1011";2015-10-15 10:30:00;213
"915";"1011";2015-10-22 10:30:00;255,6
"916";"1011";2015-10-26 10:30:00;170,4
"917";"1011";2015-10-27 10:30:00;149,1
"918";"1011";2015-10-31 10:30:00;170,4
"919";"1011";2015-10-12 10:30:00;85,2
"920";"1011";2015-10-13 10:30:00;511,2
"921";"1011";2015-10-24 10:30:00;255,6
"922";"1011";2015-10-23 10:30:00;85,2
"923";"1011";2015-10-19 10:30:00;127,8
"924";"1011";2015-10-18 10:30:00;85,2
"925";"1011";2015-10-11 10:30:00;127,8
"926";"1011";2015-10-14 10:30:00;383,4
"927";"1011";2015-10-08 10:45:00;250,227272727273
"928";"1011";2015-10-16 10:45:00;200,181818181818
"929";"1011";2015-10-28 10:45:00;266,909090909091
"930";"1011";2015-10-25 10:45:00;83,4090909090909
"931";"1011";2015-10-26 10:45:00;266,909090909091
"932";"1011";2015-10-09 10:45:00;417,045454545455
"933";"1011";2015-10-10 10:45:00;183,5
"934";"1011";2015-10-15 10:45:00;250,227272727273
"935";"1011";2015-10-27 10:45:00;367
"936";"1011";2015-10-30 10:45:00;316,954545454545
"937";"1011";2015-10-14 10:45:00;250,227272727273
"938";"1011";2015-10-21 10:45:00;100,090909090909
"939";"1011";2015-10-22 10:45:00;166,818181818182
"940";"1011";2015-10-13 10:45:00;316,954545454545
"941";"1011";2015-10-17 10:45:00;83,4090909090909
"942";"1011";2015-10-20 10:45:00;166,818181818182
"943";"1011";2015-10-31 10:45:00;183,5
"944";"1011";2015-10-11 10:45:00;83,4090909090909
"945";"1011";2015-10-29 10:45:00;250,227272727273
"946";"1011";2015-10-24 10:45:00;100,090909090909
"947";"1011";2015-10-12 10:45:00;166,818181818182
"948";"1011";2015-10-18 10:45:00;50,0454545454545
"949";"1011";2015-10-23 10:45:00;183,5
"950";"1011";2015-10-19 10:45:00;183,5
"951";"1011";2015-10-25 11:00:00;70,1298701298701
"952";"1011";2015-10-30 11:00:00;122,727272727273
"953";"1011";2015-10-16 11:00:00;262,987012987013
"954";"1011";2015-10-21 11:00:00;227,922077922078
"955";"1011";2015-10-20 11:00:00;87,6623376623377
"956";"1011";2015-10-24 11:00:00;122,727272727273
"957";"1011";2015-10-09 11:00:00;490,909090909091
"958";"1011";2015-10-12 11:00:00;157,792207792208
"959";"1011";2015-10-18 11:00:00;105,194805194805
"960";"1011";2015-10-19 11:00:00;245,454545454545
"961";"1011";2015-10-10 11:00:00;333,116883116883
"962";"1011";2015-10-28 11:00:00;192,857142857143
"963";"1011";2015-10-17 11:00:00;210,38961038961
"964";"1011";2015-10-11 11:00:00;105,194805194805
"965";"1011";2015-10-31 11:00:00;70,1298701298701
"966";"1011";2015-10-22 11:00:00;105,194805194805
"967";"1011";2015-10-14 11:00:00;227,922077922078
"968";"1011";2015-10-26 11:00:00;227,922077922078
"969";"1011";2015-10-23 11:00:00;245,454545454545
"970";"1011";2015-10-13 11:00:00;315,584415584416
"971";"1011";2015-10-29 11:00:00;262,987012987013
"972";"1011";2015-10-27 11:00:00;192,857142857143
"973";"1011";2015-10-08 11:00:00;210,38961038961
"974";"1011";2015-10-15 11:00:00;245,454545454545
"975";"1011";2015-10-16 11:15:00;208,5
"976";"1011";2015-10-14 11:15:00;304,730769230769
"977";"1011";2015-10-08 11:15:00;256,615384615385
"978";"1011";2015-10-18 11:15:00;80,1923076923077
"979";"1011";2015-10-09 11:15:00;384,923076923077
"980";"1011";2015-10-12 11:15:00;224,538461538462
"981";"1011";2015-10-25 11:15:00;96,2307692307692
"982";"1011";2015-10-27 11:15:00;160,384615384615
"983";"1011";2015-10-26 11:15:00;96,2307692307692
"984";"1011";2015-10-17 11:15:00;240,576923076923
"985";"1011";2015-10-24 11:15:00;208,5
"986";"1011";2015-10-21 11:15:00;208,5
"987";"1011";2015-10-31 11:15:00;176,423076923077
"988";"1011";2015-10-30 11:15:00;208,5
"989";"1011";2015-10-29 11:15:00;224,538461538462
"990";"1011";2015-10-19 11:15:00;128,307692307692
"991";"1011";2015-10-22 11:15:00;304,730769230769
"992";"1011";2015-10-28 11:15:00;288,692307692308
"993";"1011";2015-10-23 11:15:00;176,423076923077
"994";"1011";2015-10-10 11:15:00;320,769230769231
"995";"1011";2015-10-20 11:15:00;160,384615384615
"996";"1011";2015-10-15 11:15:00;336,807692307692
"997";"1011";2015-10-11 11:15:00;112,269230769231
"998";"1011";2015-10-13 11:15:00;208,5
"999";"1011";2015-10-11 11:30:00;189,285714285714
"1000";"1011";2015-10-15 11:30:00;265
"1001";"1011";2015-10-19 11:30:00;397,5
"1002";"1011";2015-10-14 11:30:00;283,928571428571
"1003";"1011";2015-10-23 11:30:00;151,428571428571
"1004";"1011";2015-10-09 11:30:00;321,785714285714
"1005";"1011";2015-10-16 11:30:00;151,428571428571
"1006";"1011";2015-10-20 11:30:00;208,214285714286
"1007";"1011";2015-10-24 11:30:00;265
"1008";"1011";2015-10-27 11:30:00;132,5
"1009";"1011";2015-10-30 11:30:00;132,5
"1010";"1011";2015-10-28 11:30:00;132,5
"1011";"1011";2015-10-17 11:30:00;208,214285714286
"1012";"1011";2015-10-12 11:30:00;113,571428571429
"1013";"1011";2015-10-29 11:30:00;113,571428571429
"1014";"1011";2015-10-22 11:30:00;189,285714285714
"1015";"1011";2015-10-31 11:30:00;151,428571428571
"1016";"1011";2015-10-18 11:30:00;132,5
"1017";"1011";2015-10-10 11:30:00;454,285714285714
"1018";"1011";2015-10-13 11:30:00;340,714285714286
"1019";"1011";2015-10-26 11:30:00;265
"1020";"1011";2015-10-21 11:30:00;208,214285714286
"1021";"1011";2015-10-08 11:30:00;246,071428571429
"1022";"1011";2015-10-15 11:45:00;266,5
"1023";"1011";2015-10-16 11:45:00;444,166666666667
"1024";"1011";2015-10-11 11:45:00;199,875
"1025";"1011";2015-10-31 11:45:00;111,041666666667
"1026";"1011";2015-10-13 11:45:00;399,75
"1027";"1011";2015-10-25 11:45:00;111,041666666667
"1028";"1011";2015-10-30 11:45:00;133,25
"1029";"1011";2015-10-22 11:45:00;177,666666666667
"1030";"1011";2015-10-18 11:45:00;133,25
"1031";"1011";2015-10-27 11:45:00;199,875
"1032";"1011";2015-10-23 11:45:00;155,458333333333
"1033";"1011";2015-10-19 11:45:00;177,666666666667
"1034";"1011";2015-10-26 11:45:00;266,5
"1035";"1011";2015-10-21 11:45:00;177,666666666667
"1036";"1011";2015-10-20 11:45:00;377,541666666667
"1037";"1011";2015-10-17 11:45:00;355,333333333333
"1038";"1011";2015-10-24 11:45:00;199,875
"1039";"1011";2015-10-10 11:45:00;355,333333333333
"1040";"1011";2015-10-28 11:45:00;288,708333333333
"1041";"1011";2015-10-12 11:45:00;177,666666666667
"1042";"1011";2015-10-14 11:45:00;266,5
"1043";"1011";2015-10-29 11:45:00;177,666666666667
"1044";"1011";2015-10-09 11:45:00;688,458333333333
"1045";"1011";2015-10-08 11:45:00;244,291666666667
"1046";"1011";2015-10-15 12:00:00;304,583333333333
"1047";"1011";2015-10-25 12:00:00;162,444444444444
"1048";"1011";2015-10-21 12:00:00;203,055555555556
"1049";"1011";2015-10-27 12:00:00;182,75
"1050";"1011";2015-10-28 12:00:00;324,888888888889
"1051";"1011";2015-10-17 12:00:00;121,833333333333
"1052";"1011";2015-10-11 12:00:00;142,138888888889
"1053";"1011";2015-10-20 12:00:00;182,75
"1054";"1011";2015-10-23 12:00:00;243,666666666667
"1055";"1011";2015-10-31 12:00:00;162,444444444444
"1056";"1011";2015-10-13 12:00:00;365,5
"1057";"1011";2015-10-22 12:00:00;203,055555555556
"1058";"1011";2015-10-08 12:00:00;284,277777777778
"1059";"1011";2015-10-10 12:00:00;284,277777777778
"1060";"1011";2015-10-29 12:00:00;203,055555555556
"1061";"1011";2015-10-12 12:00:00;162,444444444444
"1062";"1011";2015-10-24 12:00:00;243,666666666667
"1063";"1011";2015-10-16 12:00:00;162,444444444444
"1064";"1011";2015-10-19 12:00:00;223,361111111111
"1065";"1011";2015-10-09 12:00:00;243,666666666667
"1066";"1011";2015-10-14 12:00:00;324,888888888889
"1067";"1011";2015-10-26 12:00:00;243,666666666667
"1068";"1011";2015-10-30 12:00:00;142,138888888889
"1069";"1011";2015-10-18 12:00:00;60,9166666666667
"1070";"1011";2015-10-11 12:15:00;169,725
"1071";"1011";2015-10-13 12:15:00;226,3
"1072";"1011";2015-10-23 12:15:00;188,583333333333
"1073";"1011";2015-10-08 12:15:00;150,866666666667
"1074";"1011";2015-10-19 12:15:00;264,016666666667
"1075";"1011";2015-10-28 12:15:00;264,016666666667
"1076";"1011";2015-10-15 12:15:00;188,583333333333
"1077";"1011";2015-10-25 12:15:00;169,725
"1078";"1011";2015-10-10 12:15:00;452,6
"1079";"1011";2015-10-21 12:15:00;414,883333333333
"1080";"1011";2015-10-20 12:15:00;282,875
"1081";"1011";2015-10-27 12:15:00;188,583333333333
"1082";"1011";2015-10-16 12:15:00;301,733333333333
"1083";"1011";2015-10-18 12:15:00;56,575
"1084";"1011";2015-10-17 12:15:00;207,441666666667
"1085";"1011";2015-10-12 12:15:00;207,441666666667
"1086";"1011";2015-10-24 12:15:00;94,2916666666667
"1087";"1011";2015-10-31 12:15:00;207,441666666667
"1088";"1011";2015-10-30 12:15:00;169,725
"1089";"1011";2015-10-14 12:15:00;226,3
"1090";"1011";2015-10-29 12:15:00;226,3
"1091";"1011";2015-10-09 12:15:00;339,45
"1092";"1011";2015-10-26 12:15:00;169,725
"1093";"1011";2015-10-22 12:15:00;339,45
"1094";"1011";2015-10-20 12:30:00;178,285714285714
"1095";"1011";2015-10-08 12:30:00;237,714285714286
"1096";"1011";2015-10-13 12:30:00;386,285714285714
"1097";"1011";2015-10-28 12:30:00;237,714285714286
"1098";"1011";2015-10-15 12:30:00;208
"1099";"1011";2015-10-16 12:30:00;252,571428571429
"1100";"1011";2015-10-19 12:30:00;178,285714285714
"1101";"1011";2015-10-23 12:30:00;297,142857142857
"1102";"1011";2015-10-31 12:30:00;163,428571428571
"1103";"1011";2015-10-27 12:30:00;193,142857142857
"1104";"1011";2015-10-18 12:30:00;148,571428571429
"1105";"1011";2015-10-11 12:30:00;237,714285714286
"1106";"1011";2015-10-25 12:30:00;89,1428571428571
"1107";"1011";2015-10-24 12:30:00;163,428571428571
"1108";"1011";2015-10-21 12:30:00;208
"1109";"1011";2015-10-17 12:30:00;148,571428571429
"1110";"1011";2015-10-14 12:30:00;326,857142857143
"1111";"1011";2015-10-22 12:30:00;208
"1112";"1011";2015-10-12 12:30:00;118,857142857143
"1113";"1011";2015-10-26 12:30:00;89,1428571428571
"1114";"1011";2015-10-30 12:30:00;312
"1115";"1011";2015-10-10 12:30:00;416
"1116";"1011";2015-10-29 12:30:00;133,714285714286
"1117";"1011";2015-10-09 12:30:00;416
"1118";"1011";2015-10-20 12:45:00;269,787878787879
"1119";"1011";2015-10-08 12:45:00;236,064393939394
"1120";"1011";2015-10-23 12:45:00;134,893939393939
"1121";"1011";2015-10-16 12:45:00;286,649621212121
"1122";"1011";2015-10-30 12:45:00;168,617424242424
"1123";"1011";2015-10-28 12:45:00;151,755681818182
"1124";"1011";2015-10-09 12:45:00;421,543560606061
"1125";"1011";2015-10-31 12:45:00;151,755681818182
"1126";"1011";2015-10-11 12:45:00;118,032196969697
"1127";"1011";2015-10-19 12:45:00;185,479166666667
"1128";"1011";2015-10-13 12:45:00;219,202651515152
"1129";"1011";2015-10-24 12:45:00;84,3087121212121
"1130";"1011";2015-10-17 12:45:00;151,755681818182
"1131";"1011";2015-10-21 12:45:00;269,787878787879
"1132";"1011";2015-10-14 12:45:00;219,202651515152
"1133";"1011";2015-10-26 12:45:00;134,893939393939
"1134";"1011";2015-10-29 12:45:00;185,479166666667
"1135";"1011";2015-10-27 12:45:00;236,064393939394
"1136";"1011";2015-10-10 12:45:00;404,681818181818
"1137";"1011";2015-10-15 12:45:00;219,202651515152
"1138";"1011";2015-10-18 12:45:00;134,893939393939
"1139";"1011";2015-10-25 12:45:00;185,479166666667
"1140";"1011";2015-10-12 12:45:00;185,479166666667
"1141";"1011";2015-10-22 12:45:00;202,340909090909
"1142";"1011";2015-10-20 13:00:00;314,590909090909
"1143";"1011";2015-10-31 13:00:00;174,772727272727
"1144";"1011";2015-10-08 13:00:00;192,25
"1145";"1011";2015-10-28 13:00:00;139,818181818182
"1146";"1011";2015-10-30 13:00:00;157,295454545455
"1147";"1011";2015-10-23 13:00:00;244,681818181818
"1148";"1011";2015-10-13 13:00:00;262,159090909091
"1149";"1011";2015-10-15 13:00:00;314,590909090909
"1150";"1011";2015-10-27 13:00:00;332,068181818182
"1151";"1011";2015-10-22 13:00:00;174,772727272727
"1152";"1011";2015-10-11 13:00:00;157,295454545455
"1153";"1011";2015-10-24 13:00:00;157,295454545455
"1154";"1011";2015-10-14 13:00:00;192,25
"1155";"1011";2015-10-18 13:00:00;87,3863636363636
"1156";"1011";2015-10-29 13:00:00;262,159090909091
"1157";"1011";2015-10-19 13:00:00;279,636363636364
"1158";"1011";2015-10-16 13:00:00;332,068181818182
"1159";"1011";2015-10-25 13:00:00;209,727272727273
"1160";"1011";2015-10-10 13:00:00;384,5
"1161";"1011";2015-10-21 13:00:00;122,340909090909
"1162";"1011";2015-10-17 13:00:00;192,25
"1163";"1011";2015-10-09 13:00:00;471,886363636364
"1164";"1011";2015-10-26 13:00:00;122,340909090909
"1165";"1011";2015-10-12 13:00:00;262,159090909091
"1166";"1011";2015-10-08 13:15:00;241,428571428571
"1167";"1011";2015-10-31 13:15:00;144,857142857143
"1168";"1011";2015-10-10 13:15:00;338
"1169";"1011";2015-10-16 13:15:00;257,52380952381
"1170";"1011";2015-10-30 13:15:00;112,666666666667
"1171";"1011";2015-10-20 13:15:00;193,142857142857
"1172";"1011";2015-10-12 13:15:00;160,952380952381
"1173";"1011";2015-10-28 13:15:00;144,857142857143
"1174";"1011";2015-10-23 13:15:00;305,809523809524
"1175";"1011";2015-10-11 13:15:00;112,666666666667
"1176";"1011";2015-10-24 13:15:00;193,142857142857
"1177";"1011";2015-10-22 13:15:00;160,952380952381
"1178";"1011";2015-10-18 13:15:00;48,2857142857143
"1179";"1011";2015-10-26 13:15:00;144,857142857143
"1180";"1011";2015-10-19 13:15:00;321,904761904762
"1181";"1011";2015-10-27 13:15:00;305,809523809524
"1182";"1011";2015-10-13 13:15:00;257,52380952381
"1183";"1011";2015-10-15 13:15:00;209,238095238095
"1184";"1011";2015-10-09 13:15:00;611,619047619048
"1185";"1011";2015-10-14 13:15:00;305,809523809524
"1186";"1011";2015-10-25 13:15:00;64,3809523809524
"1187";"1011";2015-10-17 13:15:00;177,047619047619
"1188";"1011";2015-10-21 13:15:00;209,238095238095
"1189";"1011";2015-10-29 13:15:00;241,428571428571
"1190";"1011";2015-10-16 13:30:00;470,685714285714
"1191";"1011";2015-10-25 13:30:00;176,507142857143
"1192";"1011";2015-10-31 13:30:00;156,895238095238
"1193";"1011";2015-10-11 13:30:00;196,119047619048
"1194";"1011";2015-10-17 13:30:00;137,283333333333
"1195";"1011";2015-10-18 13:30:00;156,895238095238
"1196";"1011";2015-10-30 13:30:00;215,730952380952
"1197";"1011";2015-10-10 13:30:00;254,954761904762
"1198";"1011";2015-10-23 13:30:00;274,566666666667
"1199";"1011";2015-10-09 13:30:00;490,297619047619
"1200";"1011";2015-10-13 13:30:00;470,685714285714
"1201";"1011";2015-10-20 13:30:00;176,507142857143
"1202";"1011";2015-10-26 13:30:00;196,119047619048
"1203";"1011";2015-10-28 13:30:00;215,730952380952
"1204";"1011";2015-10-22 13:30:00;294,178571428571
"1205";"1011";2015-10-12 13:30:00;294,178571428571
"1206";"1011";2015-10-19 13:30:00;274,566666666667
"1207";"1011";2015-10-27 13:30:00;137,283333333333
"1208";"1011";2015-10-15 13:30:00;294,178571428571
"1209";"1011";2015-10-08 13:30:00;254,954761904762
"1210";"1011";2015-10-14 13:30:00;274,566666666667
"1211";"1011";2015-10-21 13:30:00;176,507142857143
"1212";"1011";2015-10-24 13:30:00;274,566666666667
"1213";"1011";2015-10-29 13:30:00;176,507142857143
"1214";"1011";2015-10-10 13:45:00;205,291666666667
"1215";"1011";2015-10-25 13:45:00;186,628787878788
"1216";"1011";2015-10-20 13:45:00;167,965909090909
"1217";"1011";2015-10-22 13:45:00;242,617424242424
"1218";"1011";2015-10-13 13:45:00;317,268939393939
"1219";"1011";2015-10-31 13:45:00;130,640151515152
"1220";"1011";2015-10-19 13:45:00;223,954545454545
"1221";"1011";2015-10-30 13:45:00;149,30303030303
"1222";"1011";2015-10-21 13:45:00;242,617424242424
"1223";"1011";2015-10-17 13:45:00;37,3257575757576
"1224";"1011";2015-10-26 13:45:00;223,954545454545
"1225";"1011";2015-10-27 13:45:00;223,954545454545
"1226";"1011";2015-10-28 13:45:00;205,291666666667
"1227";"1011";2015-10-16 13:45:00;317,268939393939
"1228";"1011";2015-10-08 13:45:00;298,606060606061
"1229";"1011";2015-10-14 13:45:00;279,943181818182
"1230";"1011";2015-10-12 13:45:00;223,954545454545
"1231";"1011";2015-10-23 13:45:00;317,268939393939
"1232";"1011";2015-10-15 13:45:00;242,617424242424
"1233";"1011";2015-10-11 13:45:00;149,30303030303
"1234";"1011";2015-10-29 13:45:00;205,291666666667
"1235";"1011";2015-10-09 13:45:00;466,57196969697
"1236";"1011";2015-10-24 13:45:00;167,965909090909
"1237";"1011";2015-10-18 13:45:00;167,965909090909
"1238";"1011";2015-10-17 14:00:00;145,930555555556
"1239";"1011";2015-10-13 14:00:00;375,25
"1240";"1011";2015-10-20 14:00:00;375,25
"1241";"1011";2015-10-21 14:00:00;250,166666666667
"1242";"1011";2015-10-10 14:00:00;250,166666666667
"1243";"1011";2015-10-25 14:00:00;250,166666666667
"1244";"1011";2015-10-30 14:00:00;291,861111111111
"1245";"1011";2015-10-08 14:00:00;250,166666666667
"1246";"1011";2015-10-16 14:00:00;250,166666666667
"1247";"1011";2015-10-28 14:00:00;166,777777777778
"1248";"1011";2015-10-19 14:00:00;271,013888888889
"1249";"1011";2015-10-23 14:00:00;312,708333333333
"1250";"1011";2015-10-14 14:00:00;333,555555555556
"1251";"1011";2015-10-29 14:00:00;187,625
"1252";"1011";2015-10-24 14:00:00;145,930555555556
"1253";"1011";2015-10-12 14:00:00;291,861111111111
"1254";"1011";2015-10-15 14:00:00;375,25
"1255";"1011";2015-10-27 14:00:00;187,625
"1256";"1011";2015-10-22 14:00:00;375,25
"1257";"1011";2015-10-26 14:00:00;104,236111111111
"1258";"1011";2015-10-31 14:00:00;187,625
"1259";"1011";2015-10-11 14:00:00;166,777777777778
"1260";"1011";2015-10-18 14:00:00;166,777777777778
"1261";"1011";2015-10-09 14:00:00;333,555555555556
"1262";"1011";2015-10-20 14:15:00;191,384615384615
"1263";"1011";2015-10-24 14:15:00;143,538461538462
"1264";"1011";2015-10-16 14:15:00;191,384615384615
"1265";"1011";2015-10-12 14:15:00;191,384615384615
"1266";"1011";2015-10-30 14:15:00;311
"1267";"1011";2015-10-18 14:15:00;191,384615384615
"1268";"1011";2015-10-22 14:15:00;358,846153846154
"1269";"1011";2015-10-08 14:15:00;334,923076923077
"1270";"1011";2015-10-13 14:15:00;334,923076923077
"1271";"1011";2015-10-09 14:15:00;598,076923076923
"1272";"1011";2015-10-23 14:15:00;382,769230769231
"1273";"1011";2015-10-28 14:15:00;454,538461538462
"1274";"1011";2015-10-17 14:15:00;191,384615384615
"1275";"1011";2015-10-21 14:15:00;406,692307692308
"1276";"1011";2015-10-14 14:15:00;526,307692307692
"1277";"1011";2015-10-27 14:15:00;191,384615384615
"1278";"1011";2015-10-29 14:15:00;167,461538461538
"1279";"1011";2015-10-15 14:15:00;526,307692307692
"1280";"1011";2015-10-10 14:15:00;119,615384615385
"1281";"1011";2015-10-26 14:15:00;215,307692307692
"1282";"1011";2015-10-31 14:15:00;191,384615384615
"1283";"1011";2015-10-19 14:15:00;334,923076923077
"1284";"1011";2015-10-11 14:15:00;167,461538461538
"1285";"1011";2015-10-18 14:30:00;196
"1286";"1011";2015-10-21 14:30:00;245
"1287";"1011";2015-10-08 14:30:00;441
"1288";"1011";2015-10-28 14:30:00;171,5
"1289";"1011";2015-10-24 14:30:00;147
"1290";"1011";2015-10-11 14:30:00;171,5
"1291";"1011";2015-10-16 14:30:00;612,5
"1292";"1011";2015-10-23 14:30:00;318,5
"1293";"1011";2015-10-10 14:30:00;343
"1294";"1011";2015-10-09 14:30:00;661,5
"1295";"1011";2015-10-14 14:30:00;294
"1296";"1011";2015-10-25 14:30:00;98
"1297";"1011";2015-10-15 14:30:00;245
"1298";"1011";2015-10-20 14:30:00;245
"1299";"1011";2015-10-30 14:30:00;196
"1300";"1011";2015-10-17 14:30:00;171,5
"1301";"1011";2015-10-13 14:30:00;294
"1302";"1011";2015-10-31 14:30:00;122,5
"1303";"1011";2015-10-22 14:30:00;269,5
"1304";"1011";2015-10-12 14:30:00;98
"1305";"1011";2015-10-26 14:30:00;269,5
"1306";"1011";2015-10-29 14:30:00;343
"1307";"1011";2015-10-19 14:30:00;269,5
"1308";"1011";2015-10-27 14:30:00;171,5
"1309";"1011";2015-10-16 14:45:00;133,472222222222
"1310";"1011";2015-10-30 14:45:00;133,472222222222
"1311";"1011";2015-10-08 14:45:00;347,027777777778
"1312";"1011";2015-10-24 14:45:00;133,472222222222
"1313";"1011";2015-10-14 14:45:00;373,722222222222
"1314";"1011";2015-10-25 14:45:00;133,472222222222
"1315";"1011";2015-10-12 14:45:00;133,472222222222
"1316";"1011";2015-10-18 14:45:00;160,166666666667
"1317";"1011";2015-10-17 14:45:00;160,166666666667
"1318";"1011";2015-10-11 14:45:00;106,777777777778
"1319";"1011";2015-10-31 14:45:00;213,555555555556
"1320";"1011";2015-10-28 14:45:00;400,416666666667
"1321";"1011";2015-10-27 14:45:00;213,555555555556
"1322";"1011";2015-10-09 14:45:00;720,75
"1323";"1011";2015-10-10 14:45:00;240,25
"1324";"1011";2015-10-15 14:45:00;320,333333333333
"1325";"1011";2015-10-20 14:45:00;320,333333333333
"1326";"1011";2015-10-23 14:45:00;320,333333333333
"1327";"1011";2015-10-26 14:45:00;587,277777777778
"1328";"1011";2015-10-29 14:45:00;293,638888888889
"1329";"1011";2015-10-22 14:45:00;480,5
"1330";"1011";2015-10-21 14:45:00;400,416666666667
"1331";"1011";2015-10-13 14:45:00;453,805555555556
"1332";"1011";2015-10-19 14:45:00;400,416666666667
"1333";"1011";2015-10-15 15:00:00;613,972222222222
"1334";"1011";2015-10-23 15:00:00;533,888888888889
"1335";"1011";2015-10-14 15:00:00;400,416666666667
"1336";"1011";2015-10-27 15:00:00;293,638888888889
"1337";"1011";2015-10-13 15:00:00;266,944444444444
"1338";"1011";2015-10-10 15:00:00;213,555555555556
"1339";"1011";2015-10-08 15:00:00;213,555555555556
"1340";"1011";2015-10-18 15:00:00;106,777777777778
"1341";"1011";2015-10-25 15:00:00;53,3888888888889
"1342";"1011";2015-10-09 15:00:00;613,972222222222
"1343";"1011";2015-10-11 15:00:00;213,555555555556
"1344";"1011";2015-10-16 15:00:00;213,555555555556
"1345";"1011";2015-10-17 15:00:00;160,166666666667
"1346";"1011";2015-10-31 15:00:00;186,861111111111
"1347";"1011";2015-10-22 15:00:00;240,25
"1348";"1011";2015-10-19 15:00:00;240,25
"1349";"1011";2015-10-20 15:00:00;347,027777777778
"1350";"1011";2015-10-21 15:00:00;240,25
"1351";"1011";2015-10-30 15:00:00;266,944444444444
"1352";"1011";2015-10-24 15:00:00;133,472222222222
"1353";"1011";2015-10-12 15:00:00;26,6944444444444
"1354";"1011";2015-10-28 15:00:00;320,333333333333
"1355";"1011";2015-10-26 15:00:00;186,861111111111
"1356";"1011";2015-10-29 15:00:00;373,722222222222
"1357";"1011";2015-10-11 15:15:00;133,943319838057
"1358";"1011";2015-10-13 15:15:00;379,506072874494
"1359";"1011";2015-10-23 15:15:00;334,858299595142
"1360";"1011";2015-10-31 15:15:00;89,2955465587044
"1361";"1011";2015-10-27 15:15:00;267,886639676113
"1362";"1011";2015-10-19 15:15:00;267,886639676113
"1363";"1011";2015-10-21 15:15:00;357,182186234818
"1364";"1011";2015-10-15 15:15:00;334,858299595142
"1365";"1011";2015-10-24 15:15:00;44,6477732793522
"1366";"1011";2015-10-18 15:15:00;89,2955465587044
"1367";"1011";2015-10-30 15:15:00;267,886639676113
"1368";"1011";2015-10-12 15:15:00;111,619433198381
"1369";"1011";2015-10-17 15:15:00;178,591093117409
"1370";"1011";2015-10-09 15:15:00;424,153846153846
"1371";"1011";2015-10-28 15:15:00;245,562753036437
"1372";"1011";2015-10-08 15:15:00;334,858299595142
"1373";"1011";2015-10-29 15:15:00;223,238866396761
"1374";"1011";2015-10-22 15:15:00;290,210526315789
"1375";"1011";2015-10-20 15:15:00;334,858299595142
"1376";"1011";2015-10-10 15:15:00;245,562753036437
"1377";"1011";2015-10-14 15:15:00;357,182186234818
"1378";"1011";2015-10-16 15:15:00;446,477732793522
"1379";"1011";2015-10-25 15:15:00;111,619433198381
"1380";"1011";2015-10-26 15:15:00;156,267206477733
"1381";"1011";2015-10-15 15:30:00;430,1
"1382";"1011";2015-10-08 15:30:00;101,2
"1383";"1011";2015-10-27 15:30:00;151,8
"1384";"1011";2015-10-11 15:30:00;202,4
"1385";"1011";2015-10-13 15:30:00;278,3
"1386";"1011";2015-10-24 15:30:00;126,5
"1387";"1011";2015-10-18 15:30:00;75,9
"1388";"1011";2015-10-22 15:30:00;177,1
"1389";"1011";2015-10-20 15:30:00;404,8
"1390";"1011";2015-10-16 15:30:00;328,9
"1391";"1011";2015-10-28 15:30:00;202,4
"1392";"1011";2015-10-23 15:30:00;253
"1393";"1011";2015-10-31 15:30:00;25,3
"1394";"1011";2015-10-25 15:30:00;75,9
"1395";"1011";2015-10-19 15:30:00;328,9
"1396";"1011";2015-10-30 15:30:00;278,3
"1397";"1011";2015-10-14 15:30:00;531,3
"1398";"1011";2015-10-17 15:30:00;227,7
"1399";"1011";2015-10-09 15:30:00;632,5
"1400";"1011";2015-10-26 15:30:00;75,9
"1401";"1011";2015-10-10 15:30:00;278,3
"1402";"1011";2015-10-21 15:30:00;126,5
"1403";"1011";2015-10-12 15:30:00;101,2
"1404";"1011";2015-10-29 15:30:00;278,3
"1405";"1011";2015-10-13 15:45:00;363,119230769231
"1406";"1011";2015-10-30 15:45:00;382,230769230769
"1407";"1011";2015-10-18 15:45:00;133,780769230769
"1408";"1011";2015-10-22 15:45:00;210,226923076923
"1409";"1011";2015-10-08 15:45:00;248,45
"1410";"1011";2015-10-26 15:45:00;38,2230769230769
"1411";"1011";2015-10-20 15:45:00;229,338461538462
"1412";"1011";2015-10-28 15:45:00;382,230769230769
"1413";"1011";2015-10-27 15:45:00;248,45
"1414";"1011";2015-10-15 15:45:00;286,673076923077
"1415";"1011";2015-10-23 15:45:00;363,119230769231
"1416";"1011";2015-10-14 15:45:00;344,007692307692
"1417";"1011";2015-10-31 15:45:00;57,3346153846154
"1418";"1011";2015-10-16 15:45:00;267,561538461538
"1419";"1011";2015-10-11 15:45:00;95,5576923076923
"1420";"1011";2015-10-17 15:45:00;38,2230769230769
"1421";"1011";2015-10-19 15:45:00;305,784615384615
"1422";"1011";2015-10-10 15:45:00;152,892307692308
"1423";"1011";2015-10-12 15:45:00;210,226923076923
"1424";"1011";2015-10-25 15:45:00;191,115384615385
"1425";"1011";2015-10-21 15:45:00;172,003846153846
"1426";"1011";2015-10-09 15:45:00;382,230769230769
"1427";"1011";2015-10-24 15:45:00;38,2230769230769
"1428";"1011";2015-10-29 15:45:00;191,115384615385
"1429";"1011";2015-10-23 16:00:00;391,909090909091
"1430";"1011";2015-10-20 16:00:00;269,4375
"1431";"1011";2015-10-26 16:00:00;244,943181818182
"1432";"1011";2015-10-13 16:00:00;293,931818181818
"1433";"1011";2015-10-19 16:00:00;367,414772727273
"1434";"1011";2015-10-14 16:00:00;342,920454545455
"1435";"1011";2015-10-28 16:00:00;416,403409090909
"1436";"1011";2015-10-16 16:00:00;269,4375
"1437";"1011";2015-10-22 16:00:00;195,954545454545
"1438";"1011";2015-10-08 16:00:00;195,954545454545
"1439";"1011";2015-10-27 16:00:00;220,448863636364
"1440";"1011";2015-10-31 16:00:00;48,9886363636364
"1441";"1011";2015-10-10 16:00:00;171,460227272727
"1442";"1011";2015-10-15 16:00:00;416,403409090909
"1443";"1011";2015-10-30 16:00:00;244,943181818182
"1444";"1011";2015-10-21 16:00:00;220,448863636364
"1445";"1011";2015-10-11 16:00:00;97,9772727272727
"1446";"1011";2015-10-18 16:00:00;171,460227272727
"1447";"1011";2015-10-24 16:00:00;97,9772727272727
"1448";"1011";2015-10-29 16:00:00;293,931818181818
"1449";"1011";2015-10-09 16:00:00;587,863636363636
"1450";"1011";2015-10-17 16:00:00;146,965909090909
"1451";"1011";2015-10-25 16:00:00;195,954545454545
"1452";"1011";2015-10-12 16:00:00;195,954545454545
"1453";"1011";2015-10-08 16:15:00;260,104166666667
"1454";"1011";2015-10-16 16:15:00;449,270833333333
"1455";"1011";2015-10-27 16:15:00;472,916666666667
"1456";"1011";2015-10-13 16:15:00;307,395833333333
"1457";"1011";2015-10-20 16:15:00;283,75
"1458";"1011";2015-10-30 16:15:00;283,75
"1459";"1011";2015-10-10 16:15:00;70,9375
"1460";"1011";2015-10-28 16:15:00;543,854166666667
"1461";"1011";2015-10-26 16:15:00;118,229166666667
"1462";"1011";2015-10-11 16:15:00;118,229166666667
"1463";"1011";2015-10-19 16:15:00;165,520833333333
"1464";"1011";2015-10-15 16:15:00;472,916666666667
"1465";"1011";2015-10-22 16:15:00;283,75
"1466";"1011";2015-10-21 16:15:00;189,166666666667
"1467";"1011";2015-10-24 16:15:00;70,9375
"1468";"1011";2015-10-17 16:15:00;165,520833333333
"1469";"1011";2015-10-29 16:15:00;189,166666666667
"1470";"1011";2015-10-23 16:15:00;283,75
"1471";"1011";2015-10-14 16:15:00;212,8125
"1472";"1011";2015-10-12 16:15:00;189,166666666667
"1473";"1011";2015-10-25 16:15:00;189,166666666667
"1474";"1011";2015-10-31 16:15:00;23,6458333333333
"1475";"1011";2015-10-09 16:15:00;496,5625
"1476";"1011";2015-10-18 16:15:00;283,75
"1477";"1011";2015-10-13 16:30:00;276,923076923077
"1478";"1011";2015-10-20 16:30:00;121,153846153846
"1479";"1011";2015-10-28 16:30:00;259,615384615385
"1480";"1011";2015-10-16 16:30:00;173,076923076923
"1481";"1011";2015-10-25 16:30:00;138,461538461538
"1482";"1011";2015-10-08 16:30:00;207,692307692308
"1483";"1011";2015-10-22 16:30:00;311,538461538462
"1484";"1011";2015-10-17 16:30:00;173,076923076923
"1485";"1011";2015-10-09 16:30:00;501,923076923077
"1486";"1011";2015-10-10 16:30:00;294,230769230769
"1487";"1011";2015-10-30 16:30:00;311,538461538462
"1488";"1011";2015-10-26 16:30:00;225
"1489";"1011";2015-10-19 16:30:00;276,923076923077
"1490";"1011";2015-10-29 16:30:00;173,076923076923
"1491";"1011";2015-10-24 16:30:00;121,153846153846
"1492";"1011";2015-10-23 16:30:00;225
"1493";"1011";2015-10-31 16:30:00;86,5384615384615
"1494";"1011";2015-10-21 16:30:00;121,153846153846
"1495";"1011";2015-10-12 16:30:00;294,230769230769
"1496";"1011";2015-10-14 16:30:00;225
"1497";"1011";2015-10-27 16:30:00;276,923076923077
"1498";"1011";2015-10-15 16:30:00;346,153846153846
"1499";"1011";2015-10-18 16:30:00;86,5384615384615
"1500";"1011";2015-10-11 16:30:00;173,076923076923
"1501";"1011";2015-10-08 16:45:00;409,45
"1502";"1011";2015-10-13 16:45:00;452,55
"1503";"1011";2015-10-16 16:45:00;409,45
"1504";"1011";2015-10-26 16:45:00;193,95
"1505";"1011";2015-10-28 16:45:00;258,6
"1506";"1011";2015-10-30 16:45:00;344,8
"1507";"1011";2015-10-25 16:45:00;215,5
"1508";"1011";2015-10-17 16:45:00;215,5
"1509";"1011";2015-10-22 16:45:00;215,5
"1510";"1011";2015-10-12 16:45:00;301,7
"1511";"1011";2015-10-20 16:45:00;301,7
"1512";"1011";2015-10-21 16:45:00;237,05
"1513";"1011";2015-10-10 16:45:00;129,3
"1514";"1011";2015-10-29 16:45:00;301,7
"1515";"1011";2015-10-19 16:45:00;409,45
"1516";"1011";2015-10-31 16:45:00;64,65
"1517";"1011";2015-10-09 16:45:00;581,85
"1518";"1011";2015-10-14 16:45:00;193,95
"1519";"1011";2015-10-18 16:45:00;150,85
"1520";"1011";2015-10-11 16:45:00;86,2
"1521";"1011";2015-10-27 16:45:00;323,25
"1522";"1011";2015-10-15 16:45:00;215,5
"1523";"1011";2015-10-24 16:45:00;237,05
"1524";"1011";2015-10-23 16:45:00;301,7
"1525";"1011";2015-10-08 17:00:00;223,375
"1526";"1011";2015-10-10 17:00:00;121,840909090909
"1527";"1011";2015-10-16 17:00:00;243,681818181818
"1528";"1011";2015-10-30 17:00:00;223,375
"1529";"1011";2015-10-21 17:00:00;243,681818181818
"1530";"1011";2015-10-17 17:00:00;142,147727272727
"1531";"1011";2015-10-25 17:00:00;223,375
"1532";"1011";2015-10-14 17:00:00;203,068181818182
"1533";"1011";2015-10-09 17:00:00;609,204545454545
"1534";"1011";2015-10-28 17:00:00;243,681818181818
"1535";"1011";2015-10-12 17:00:00;142,147727272727
"1536";"1011";2015-10-18 17:00:00;182,761363636364
"1537";"1011";2015-10-22 17:00:00;284,295454545455
"1538";"1011";2015-10-26 17:00:00;304,602272727273
"1539";"1011";2015-10-29 17:00:00;263,988636363636
"1540";"1011";2015-10-13 17:00:00;345,215909090909
"1541";"1011";2015-10-11 17:00:00;162,454545454545
"1542";"1011";2015-10-20 17:00:00;263,988636363636
"1543";"1011";2015-10-15 17:00:00;345,215909090909
"1544";"1011";2015-10-27 17:00:00;284,295454545455
"1545";"1011";2015-10-19 17:00:00;243,681818181818
"1546";"1011";2015-10-24 17:00:00;60,9204545454545
"1547";"1011";2015-10-31 17:00:00;162,454545454545
"1548";"1011";2015-10-23 17:00:00;162,454545454545
"1549";"1011";2015-10-16 17:15:00;398,285714285714
"1550";"1011";2015-10-22 17:15:00;351,428571428571
"1551";"1011";2015-10-09 17:15:00;585,714285714286
"1552";"1011";2015-10-26 17:15:00;304,571428571429
"1553";"1011";2015-10-30 17:15:00;281,142857142857
"1554";"1011";2015-10-17 17:15:00;164
"1555";"1011";2015-10-25 17:15:00;210,857142857143
"1556";"1011";2015-10-08 17:15:00;234,285714285714
"1557";"1011";2015-10-21 17:15:00;210,857142857143
"1558";"1011";2015-10-28 17:15:00;164
"1559";"1011";2015-10-14 17:15:00;328
"1560";"1011";2015-10-10 17:15:00;328
"1561";"1011";2015-10-20 17:15:00;234,285714285714
"1562";"1011";2015-10-18 17:15:00;234,285714285714
"1563";"1011";2015-10-19 17:15:00;210,857142857143
"1564";"1011";2015-10-29 17:15:00;398,285714285714
"1565";"1011";2015-10-15 17:15:00;328
"1566";"1011";2015-10-12 17:15:00;304,571428571429
"1567";"1011";2015-10-24 17:15:00;140,571428571429
"1568";"1011";2015-10-11 17:15:00;210,857142857143
"1569";"1011";2015-10-23 17:15:00;398,285714285714
"1570";"1011";2015-10-31 17:15:00;93,7142857142857
"1571";"1011";2015-10-27 17:15:00;210,857142857143
"1572";"1011";2015-10-13 17:15:00;257,714285714286
"1573";"1011";2015-10-22 17:30:00;231,107142857143
"1574";"1011";2015-10-17 17:30:00;256,785714285714
"1575";"1011";2015-10-30 17:30:00;308,142857142857
"1576";"1011";2015-10-11 17:30:00;154,071428571429
"1577";"1011";2015-10-25 17:30:00;179,75
"1578";"1011";2015-10-10 17:30:00;282,464285714286
"1579";"1011";2015-10-16 17:30:00;436,535714285714
"1580";"1011";2015-10-24 17:30:00;256,785714285714
"1581";"1011";2015-10-09 17:30:00;667,642857142857
"1582";"1011";2015-10-29 17:30:00;231,107142857143
"1583";"1011";2015-10-14 17:30:00;436,535714285714
"1584";"1011";2015-10-28 17:30:00;462,214285714286
"1585";"1011";2015-10-21 17:30:00;231,107142857143
"1586";"1011";2015-10-26 17:30:00;359,5
"1587";"1011";2015-10-13 17:30:00;256,785714285714
"1588";"1011";2015-10-15 17:30:00;359,5
"1589";"1011";2015-10-12 17:30:00;333,821428571429
"1590";"1011";2015-10-18 17:30:00;205,428571428571
"1591";"1011";2015-10-31 17:30:00;128,392857142857
"1592";"1011";2015-10-20 17:30:00;359,5
"1593";"1011";2015-10-08 17:30:00;359,5
"1594";"1011";2015-10-19 17:30:00;462,214285714286
"1595";"1011";2015-10-27 17:30:00;282,464285714286
"1596";"1011";2015-10-23 17:30:00;359,5
"1597";"1011";2015-10-25 17:45:00;320,5
"1598";"1011";2015-10-17 17:45:00;206,035714285714
"1599";"1011";2015-10-24 17:45:00;183,142857142857
"1600";"1011";2015-10-30 17:45:00;228,928571428571
"1601";"1011";2015-10-12 17:45:00;503,642857142857
"1602";"1011";2015-10-09 17:45:00;343,392857142857
"1603";"1011";2015-10-21 17:45:00;343,392857142857
"1604";"1011";2015-10-26 17:45:00;45,7857142857143
"1605";"1011";2015-10-18 17:45:00;366,285714285714
"1606";"1011";2015-10-10 17:45:00;343,392857142857
"1607";"1011";2015-10-22 17:45:00;297,607142857143
"1608";"1011";2015-10-20 17:45:00;206,035714285714
"1609";"1011";2015-10-14 17:45:00;320,5
"1610";"1011";2015-10-29 17:45:00;297,607142857143
"1611";"1011";2015-10-13 17:45:00;412,071428571429
"1612";"1011";2015-10-31 17:45:00;91,5714285714286
"1613";"1011";2015-10-28 17:45:00;274,714285714286
"1614";"1011";2015-10-11 17:45:00;228,928571428571
"1615";"1011";2015-10-23 17:45:00;343,392857142857
"1616";"1011";2015-10-08 17:45:00;206,035714285714
"1617";"1011";2015-10-27 17:45:00;251,821428571429
"1618";"1011";2015-10-16 17:45:00;434,964285714286
"1619";"1011";2015-10-19 17:45:00;389,178571428571
"1620";"1011";2015-10-15 17:45:00;412,071428571429
"1621";"1011";2015-10-29 18:00:00;213,9
"1622";"1011";2015-10-25 18:00:00;285,2
"1623";"1011";2015-10-12 18:00:00;261,433333333333
"1624";"1011";2015-10-31 18:00:00;166,366666666667
"1625";"1011";2015-10-17 18:00:00;261,433333333333
"1626";"1011";2015-10-30 18:00:00;237,666666666667
"1627";"1011";2015-10-19 18:00:00;261,433333333333
"1628";"1011";2015-10-14 18:00:00;166,366666666667
"1629";"1011";2015-10-24 18:00:00;95,0666666666667
"1630";"1011";2015-10-21 18:00:00;356,5
"1631";"1011";2015-10-09 18:00:00;427,8
"1632";"1011";2015-10-26 18:00:00;190,133333333333
"1633";"1011";2015-10-23 18:00:00;475,333333333333
"1634";"1011";2015-10-13 18:00:00;190,133333333333
"1635";"1011";2015-10-08 18:00:00;308,966666666667
"1636";"1011";2015-10-10 18:00:00;213,9
"1637";"1011";2015-10-22 18:00:00;427,8
"1638";"1011";2015-10-15 18:00:00;285,2
"1639";"1011";2015-10-11 18:00:00;285,2
"1640";"1011";2015-10-16 18:00:00;522,866666666667
"1641";"1011";2015-10-18 18:00:00;261,433333333333
"1642";"1011";2015-10-27 18:00:00;308,966666666667
"1643";"1011";2015-10-20 18:00:00;190,133333333333
"1644";"1011";2015-10-28 18:00:00;237,666666666667
"1645";"1011";2015-10-18 18:15:00;310,7
"1646";"1011";2015-10-21 18:15:00;167,3
"1647";"1011";2015-10-12 18:15:00;286,8
"1648";"1011";2015-10-24 18:15:00;310,7
"1649";"1011";2015-10-20 18:15:00;239
"1650";"1011";2015-10-19 18:15:00;430,2
"1651";"1011";2015-10-14 18:15:00;286,8
"1652";"1011";2015-10-31 18:15:00;119,5
"1653";"1011";2015-10-29 18:15:00;358,5
"1654";"1011";2015-10-09 18:15:00;334,6
"1655";"1011";2015-10-17 18:15:00;239
"1656";"1011";2015-10-22 18:15:00;215,1
"1657";"1011";2015-10-11 18:15:00;167,3
"1658";"1011";2015-10-08 18:15:00;310,7
"1659";"1011";2015-10-30 18:15:00;334,6
"1660";"1011";2015-10-26 18:15:00;310,7
"1661";"1011";2015-10-25 18:15:00;143,4
"1662";"1011";2015-10-10 18:15:00;239
"1663";"1011";2015-10-28 18:15:00;310,7
"1664";"1011";2015-10-16 18:15:00;334,6
"1665";"1011";2015-10-23 18:15:00;310,7
"1666";"1011";2015-10-15 18:15:00;478
"1667";"1011";2015-10-27 18:15:00;454,1
"1668";"1011";2015-10-13 18:15:00;286,8
"1669";"1011";2015-10-09 18:30:00;393,506493506493
"1670";"1011";2015-10-14 18:30:00;491,883116883117
"1671";"1011";2015-10-27 18:30:00;393,506493506493
"1672";"1011";2015-10-11 18:30:00;163,961038961039
"1673";"1011";2015-10-08 18:30:00;163,961038961039
"1674";"1011";2015-10-17 18:30:00;229,545454545455
"1675";"1011";2015-10-18 18:30:00;557,467532467532
"1676";"1011";2015-10-13 18:30:00;426,298701298701
"1677";"1011";2015-10-21 18:30:00;459,090909090909
"1678";"1011";2015-10-20 18:30:00;229,545454545455
"1679";"1011";2015-10-23 18:30:00;754,220779220779
"1680";"1011";2015-10-15 18:30:00;426,298701298701
"1681";"1011";2015-10-24 18:30:00;163,961038961039
"1682";"1011";2015-10-30 18:30:00;491,883116883117
"1683";"1011";2015-10-25 18:30:00;360,714285714286
"1684";"1011";2015-10-26 18:30:00;131,168831168831
"1685";"1011";2015-10-29 18:30:00;229,545454545455
"1686";"1011";2015-10-16 18:30:00;295,12987012987
"1687";"1011";2015-10-28 18:30:00;229,545454545455
"1688";"1011";2015-10-12 18:30:00;623,051948051948
"1689";"1011";2015-10-10 18:30:00;262,337662337662
"1690";"1011";2015-10-22 18:30:00;426,298701298701
"1691";"1011";2015-10-31 18:30:00;229,545454545455
"1692";"1011";2015-10-19 18:30:00;360,714285714286
"1693";"1011";2015-10-24 18:45:00;102,431818181818
"1694";"1011";2015-10-23 18:45:00;486,551136363636
"1695";"1011";2015-10-27 18:45:00;307,295454545455
"1696";"1011";2015-10-11 18:45:00;102,431818181818
"1697";"1011";2015-10-17 18:45:00;204,863636363636
"1698";"1011";2015-10-31 18:45:00;128,039772727273
"1699";"1011";2015-10-15 18:45:00;614,590909090909
"1700";"1011";2015-10-08 18:45:00;512,159090909091
"1701";"1011";2015-10-28 18:45:00;153,647727272727
"1702";"1011";2015-10-13 18:45:00;230,471590909091
"1703";"1011";2015-10-19 18:45:00;307,295454545455
"1704";"1011";2015-10-20 18:45:00;281,6875
"1705";"1011";2015-10-26 18:45:00;230,471590909091
"1706";"1011";2015-10-09 18:45:00;307,295454545455
"1707";"1011";2015-10-25 18:45:00;307,295454545455
"1708";"1011";2015-10-30 18:45:00;588,982954545455
"1709";"1011";2015-10-16 18:45:00;460,943181818182
"1710";"1011";2015-10-21 18:45:00;281,6875
"1711";"1011";2015-10-10 18:45:00;204,863636363636
"1712";"1011";2015-10-12 18:45:00;332,903409090909
"1713";"1011";2015-10-18 18:45:00;332,903409090909
"1714";"1011";2015-10-14 18:45:00;358,511363636364
"1715";"1011";2015-10-29 18:45:00;204,863636363636
"1716";"1011";2015-10-22 18:45:00;384,119318181818
"1717";"1011";2015-10-24 19:00:00;196,266666666667
"1718";"1011";2015-10-11 19:00:00;318,933333333333
"1719";"1011";2015-10-13 19:00:00;515,2
"1720";"1011";2015-10-31 19:00:00;171,733333333333
"1721";"1011";2015-10-27 19:00:00;392,533333333333
"1722";"1011";2015-10-08 19:00:00;417,066666666667
"1723";"1011";2015-10-15 19:00:00;318,933333333333
"1724";"1011";2015-10-23 19:00:00;220,8
"1725";"1011";2015-10-20 19:00:00;171,733333333333
"1726";"1011";2015-10-25 19:00:00;318,933333333333
"1727";"1011";2015-10-19 19:00:00;220,8
"1728";"1011";2015-10-28 19:00:00;318,933333333333
"1729";"1011";2015-10-17 19:00:00;294,4
"1730";"1011";2015-10-22 19:00:00;98,1333333333333
"1731";"1011";2015-10-12 19:00:00;343,466666666667
"1732";"1011";2015-10-16 19:00:00;343,466666666667
"1733";"1011";2015-10-21 19:00:00;245,333333333333
"1734";"1011";2015-10-18 19:00:00;245,333333333333
"1735";"1011";2015-10-14 19:00:00;318,933333333333
"1736";"1011";2015-10-09 19:00:00;441,6
"1737";"1011";2015-10-26 19:00:00;196,266666666667
"1738";"1011";2015-10-30 19:00:00;196,266666666667
"1739";"1011";2015-10-29 19:00:00;171,733333333333
"1740";"1011";2015-10-10 19:00:00;318,933333333333
"1741";"1011";2015-10-08 19:15:00;486,15
"1742";"1011";2015-10-20 19:15:00;185,2
"1743";"1011";2015-10-12 19:15:00;370,4
"1744";"1011";2015-10-15 19:15:00;277,8
"1745";"1011";2015-10-13 19:15:00;347,25
"1746";"1011";2015-10-27 19:15:00;300,95
"1747";"1011";2015-10-30 19:15:00;185,2
"1748";"1011";2015-10-31 19:15:00;115,75
"1749";"1011";2015-10-23 19:15:00;277,8
"1750";"1011";2015-10-28 19:15:00;208,35
"1751";"1011";2015-10-24 19:15:00;231,5
"1752";"1011";2015-10-11 19:15:00;300,95
"1753";"1011";2015-10-16 19:15:00;185,2
"1754";"1011";2015-10-25 19:15:00;277,8
"1755";"1011";2015-10-22 19:15:00;277,8
"1756";"1011";2015-10-14 19:15:00;277,8
"1757";"1011";2015-10-17 19:15:00;208,35
"1758";"1011";2015-10-18 19:15:00;370,4
"1759";"1011";2015-10-19 19:15:00;231,5
"1760";"1011";2015-10-29 19:15:00;231,5
"1761";"1011";2015-10-26 19:15:00;324,1
"1762";"1011";2015-10-09 19:15:00;578,75
"1763";"1011";2015-10-21 19:15:00;300,95
"1764";"1011";2015-10-10 19:15:00;185,2
"1765";"1011";2015-10-08 19:30:00;367,643356643357
"1766";"1011";2015-10-28 19:30:00;212,846153846154
"1767";"1011";2015-10-13 19:30:00;270,895104895105
"1768";"1011";2015-10-16 19:30:00;367,643356643357
"1769";"1011";2015-10-22 19:30:00;251,545454545455
"1770";"1011";2015-10-27 19:30:00;174,146853146853
"1771";"1011";2015-10-31 19:30:00;135,447552447552
"1772";"1011";2015-10-20 19:30:00;174,146853146853
"1773";"1011";2015-10-23 19:30:00;328,944055944056
"1774";"1011";2015-10-30 19:30:00;406,342657342657
"1775";"1011";2015-10-24 19:30:00;232,195804195804
"1776";"1011";2015-10-18 19:30:00;212,846153846154
"1777";"1011";2015-10-12 19:30:00;445,041958041958
"1778";"1011";2015-10-29 19:30:00;232,195804195804
"1779";"1011";2015-10-26 19:30:00;174,146853146853
"1780";"1011";2015-10-25 19:30:00;193,496503496503
"1781";"1011";2015-10-14 19:30:00;309,594405594406
"1782";"1011";2015-10-09 19:30:00;386,993006993007
"1783";"1011";2015-10-15 19:30:00;290,244755244755
"1784";"1011";2015-10-21 19:30:00;348,293706293706
"1785";"1011";2015-10-10 19:30:00;251,545454545455
"1786";"1011";2015-10-11 19:30:00;135,447552447552
"1787";"1011";2015-10-17 19:30:00;251,545454545455
"1788";"1011";2015-10-19 19:30:00;193,496503496503
"1789";"1011";2015-10-20 19:45:00;218,705882352941
"1790";"1011";2015-10-28 19:45:00;291,607843137255
"1791";"1011";2015-10-16 19:45:00;704,718954248366
"1792";"1011";2015-10-18 19:45:00;413,111111111111
"1793";"1011";2015-10-25 19:45:00;243,006535947712
"1794";"1011";2015-10-13 19:45:00;461,712418300654
"1795";"1011";2015-10-11 19:45:00;340,209150326797
"1796";"1011";2015-10-23 19:45:00;218,705882352941
"1797";"1011";2015-10-26 19:45:00;315,908496732026
"1798";"1011";2015-10-30 19:45:00;243,006535947712
"1799";"1011";2015-10-27 19:45:00;461,712418300654
"1800";"1011";2015-10-08 19:45:00;461,712418300654
"1801";"1011";2015-10-22 19:45:00;170,104575163399
"1802";"1011";2015-10-15 19:45:00;291,607843137255
"1803";"1011";2015-10-21 19:45:00;218,705882352941
"1804";"1011";2015-10-12 19:45:00;461,712418300654
"1805";"1011";2015-10-10 19:45:00;340,209150326797
"1806";"1011";2015-10-31 19:45:00;24,3006535947712
"1807";"1011";2015-10-19 19:45:00;145,803921568627
"1808";"1011";2015-10-24 19:45:00;194,40522875817
"1809";"1011";2015-10-17 19:45:00;121,503267973856
"1810";"1011";2015-10-14 19:45:00;243,006535947712
"1811";"1011";2015-10-29 19:45:00;218,705882352941
"1812";"1011";2015-10-09 19:45:00;243,006535947712
"1813";"1011";2015-10-11 20:00:00;350,833333333333
"1814";"1011";2015-10-15 20:00:00;187,111111111111
"1815";"1011";2015-10-20 20:00:00;397,611111111111
"1816";"1011";2015-10-12 20:00:00;397,611111111111
"1817";"1011";2015-10-23 20:00:00;350,833333333333
"1818";"1011";2015-10-08 20:00:00;421
"1819";"1011";2015-10-14 20:00:00;257,277777777778
"1820";"1011";2015-10-09 20:00:00;537,944444444444
"1821";"1011";2015-10-27 20:00:00;163,722222222222
"1822";"1011";2015-10-28 20:00:00;116,944444444444
"1823";"1011";2015-10-25 20:00:00;187,111111111111
"1824";"1011";2015-10-13 20:00:00;187,111111111111
"1825";"1011";2015-10-31 20:00:00;163,722222222222
"1826";"1011";2015-10-16 20:00:00;584,722222222222
"1827";"1011";2015-10-19 20:00:00;93,5555555555555
"1828";"1011";2015-10-18 20:00:00;280,666666666667
"1829";"1011";2015-10-26 20:00:00;397,611111111111
"1830";"1011";2015-10-29 20:00:00;140,333333333333
"1831";"1011";2015-10-17 20:00:00;210,5
"1832";"1011";2015-10-21 20:00:00;233,888888888889
"1833";"1011";2015-10-22 20:00:00;304,055555555556
"1834";"1011";2015-10-10 20:00:00;187,111111111111
"1835";"1011";2015-10-30 20:00:00;93,5555555555555
"1836";"1011";2015-10-24 20:00:00;163,722222222222
"1837";"1011";2015-10-28 20:15:00;142,53036437247
"1838";"1011";2015-10-08 20:15:00;498,856275303644
"1839";"1011";2015-10-23 20:15:00;237,550607287449
"1840";"1011";2015-10-16 20:15:00;356,325910931174
"1841";"1011";2015-10-12 20:15:00;451,346153846154
"1842";"1011";2015-10-09 20:15:00;475,101214574899
"1843";"1011";2015-10-26 20:15:00;118,775303643725
"1844";"1011";2015-10-20 20:15:00;118,775303643725
"1845";"1011";2015-10-18 20:15:00;285,060728744939
"1846";"1011";2015-10-13 20:15:00;308,815789473684
"1847";"1011";2015-10-19 20:15:00;332,570850202429
"1848";"1011";2015-10-25 20:15:00;213,795546558704
"1849";"1011";2015-10-17 20:15:00;190,04048582996
"1850";"1011";2015-10-14 20:15:00;332,570850202429
"1851";"1011";2015-10-22 20:15:00;522,611336032389
"1852";"1011";2015-10-15 20:15:00;237,550607287449
"1853";"1011";2015-10-31 20:15:00;71,2651821862348
"1854";"1011";2015-10-29 20:15:00;237,550607287449
"1855";"1011";2015-10-30 20:15:00;308,815789473684
"1856";"1011";2015-10-10 20:15:00;166,285425101215
"1857";"1011";2015-10-27 20:15:00;118,775303643725
"1858";"1011";2015-10-11 20:15:00;190,04048582996
"1859";"1011";2015-10-24 20:15:00;142,53036437247
"1860";"1011";2015-10-21 20:15:00;380,080971659919
"1861";"1011";2015-10-20 20:30:00;429,794871794872
"1862";"1011";2015-10-21 20:30:00;404,51282051282
"1863";"1011";2015-10-25 20:30:00;252,820512820513
"1864";"1011";2015-10-16 20:30:00;328,666666666667
"1865";"1011";2015-10-29 20:30:00;101,128205128205
"1866";"1011";2015-10-28 20:30:00;151,692307692308
"1867";"1011";2015-10-13 20:30:00;227,538461538462
"1868";"1011";2015-10-12 20:30:00;151,692307692308
"1869";"1011";2015-10-26 20:30:00;176,974358974359
"1870";"1011";2015-10-08 20:30:00;480,358974358974
"1871";"1011";2015-10-23 20:30:00;303,384615384615
"1872";"1011";2015-10-17 20:30:00;126,410256410256
"1873";"1011";2015-10-15 20:30:00;455,076923076923
"1874";"1011";2015-10-22 20:30:00;303,384615384615
"1875";"1011";2015-10-11 20:30:00;151,692307692308
"1876";"1011";2015-10-31 20:30:00;101,128205128205
"1877";"1011";2015-10-30 20:30:00;176,974358974359
"1878";"1011";2015-10-10 20:30:00;328,666666666667
"1879";"1011";2015-10-24 20:30:00;101,128205128205
"1880";"1011";2015-10-27 20:30:00;252,820512820513
"1881";"1011";2015-10-19 20:30:00;151,692307692308
"1882";"1011";2015-10-14 20:30:00;252,820512820513
"1883";"1011";2015-10-18 20:30:00;202,25641025641
"1884";"1011";2015-10-09 20:30:00;353,948717948718
"1885";"1011";2015-10-12 20:45:00;463,9
"1886";"1011";2015-10-26 20:45:00;51,5444444444444
"1887";"1011";2015-10-08 20:45:00;335,038888888889
"1888";"1011";2015-10-20 20:45:00;103,088888888889
"1889";"1011";2015-10-21 20:45:00;283,494444444444
"1890";"1011";2015-10-11 20:45:00;128,861111111111
"1891";"1011";2015-10-16 20:45:00;412,355555555556
"1892";"1011";2015-10-28 20:45:00;283,494444444444
"1893";"1011";2015-10-29 20:45:00;51,5444444444444
"1894";"1011";2015-10-10 20:45:00;231,95
"1895";"1011";2015-10-09 20:45:00;386,583333333333
"1896";"1011";2015-10-17 20:45:00;128,861111111111
"1897";"1011";2015-10-30 20:45:00;257,722222222222
"1898";"1011";2015-10-27 20:45:00;206,177777777778
"1899";"1011";2015-10-24 20:45:00;103,088888888889
"1900";"1011";2015-10-22 20:45:00;128,861111111111
"1901";"1011";2015-10-31 20:45:00;257,722222222222
"1902";"1011";2015-10-19 20:45:00;257,722222222222
"1903";"1011";2015-10-23 20:45:00;154,633333333333
"1904";"1011";2015-10-13 20:45:00;103,088888888889
"1905";"1011";2015-10-25 20:45:00;128,861111111111
"1906";"1011";2015-10-14 20:45:00;335,038888888889
"1907";"1011";2015-10-18 20:45:00;257,722222222222
"1908";"1011";2015-10-15 20:45:00;412,355555555556
"1909";"1011";2015-10-20 21:00:00;91,85
"1910";"1011";2015-10-21 21:00:00;229,625
"1911";"1011";2015-10-30 21:00:00;114,8125
"1912";"1011";2015-10-16 21:00:00;344,4375
"1913";"1011";2015-10-08 21:00:00;229,625
"1914";"1011";2015-10-23 21:00:00;183,7
"1915";"1011";2015-10-28 21:00:00;344,4375
"1916";"1011";2015-10-17 21:00:00;91,85
"1917";"1011";2015-10-26 21:00:00;114,8125
"1918";"1011";2015-10-14 21:00:00;137,775
"1919";"1011";2015-10-25 21:00:00;114,8125
"1920";"1011";2015-10-29 21:00:00;275,55
"1921";"1011";2015-10-09 21:00:00;459,25
"1922";"1011";2015-10-27 21:00:00;91,85
"1923";"1011";2015-10-19 21:00:00;275,55
"1924";"1011";2015-10-10 21:00:00;252,5875
"1925";"1011";2015-10-24 21:00:00;114,8125
"1926";"1011";2015-10-18 21:00:00;91,85
"1927";"1011";2015-10-15 21:00:00;183,7
"1928";"1011";2015-10-22 21:00:00;206,6625
"1929";"1011";2015-10-12 21:00:00;390,3625
"1930";"1011";2015-10-11 21:00:00;183,7
"1931";"1011";2015-10-31 21:00:00;183,7
"1932";"1011";2015-10-13 21:00:00;160,7375
"1933";"1011";2015-10-08 21:15:00;191,333333333333
"1934";"1011";2015-10-28 21:15:00;215,25
"1935";"1011";2015-10-23 21:15:00;215,25
"1936";"1011";2015-10-16 21:15:00;215,25
"1937";"1011";2015-10-17 21:15:00;23,9166666666667
"1938";"1011";2015-10-18 21:15:00;167,416666666667
"1939";"1011";2015-10-24 21:15:00;167,416666666667
"1940";"1011";2015-10-13 21:15:00;287
"1941";"1011";2015-10-14 21:15:00;287
"1942";"1011";2015-10-12 21:15:00;263,083333333333
"1943";"1011";2015-10-10 21:15:00;310,916666666667
"1944";"1011";2015-10-11 21:15:00;215,25
"1945";"1011";2015-10-21 21:15:00;239,166666666667
"1946";"1011";2015-10-22 21:15:00;239,166666666667
"1947";"1011";2015-10-15 21:15:00;430,5
"1948";"1011";2015-10-26 21:15:00;143,5
"1949";"1011";2015-10-29 21:15:00;215,25
"1950";"1011";2015-10-09 21:15:00;382,666666666667
"1951";"1011";2015-10-27 21:15:00;239,166666666667
"1952";"1011";2015-10-20 21:15:00;143,5
"1953";"1011";2015-10-25 21:15:00;215,25
"1954";"1011";2015-10-31 21:15:00;143,5
"1955";"1011";2015-10-19 21:15:00;143,5
"1956";"1011";2015-10-30 21:15:00;143,5
"1957";"1011";2015-10-23 21:30:00;157,766666666667
"1958";"1011";2015-10-17 21:30:00;236,65
"1959";"1011";2015-10-29 21:30:00;262,944444444444
"1960";"1011";2015-10-18 21:30:00;210,355555555556
"1961";"1011";2015-10-11 21:30:00;78,8833333333333
"1962";"1011";2015-10-14 21:30:00;157,766666666667
"1963";"1011";2015-10-30 21:30:00;236,65
"1964";"1011";2015-10-24 21:30:00;157,766666666667
"1965";"1011";2015-10-15 21:30:00;184,061111111111
"1966";"1011";2015-10-19 21:30:00;105,177777777778
"1967";"1011";2015-10-25 21:30:00;131,472222222222
"1968";"1011";2015-10-28 21:30:00;131,472222222222
"1969";"1011";2015-10-12 21:30:00;262,944444444444
"1970";"1011";2015-10-26 21:30:00;210,355555555556
"1971";"1011";2015-10-27 21:30:00;105,177777777778
"1972";"1011";2015-10-16 21:30:00;157,766666666667
"1973";"1011";2015-10-08 21:30:00;262,944444444444
"1974";"1011";2015-10-13 21:30:00;131,472222222222
"1975";"1011";2015-10-21 21:30:00;262,944444444444
"1976";"1011";2015-10-20 21:30:00;184,061111111111
"1977";"1011";2015-10-22 21:30:00;210,355555555556
"1978";"1011";2015-10-10 21:30:00;184,061111111111
"1979";"1011";2015-10-09 21:30:00;473,3
"1980";"1011";2015-10-31 21:30:00;131,472222222222
"1981";"1011";2015-10-18 21:45:00;73,25
"1982";"1011";2015-10-31 21:45:00;48,8333333333333
"1983";"1011";2015-10-11 21:45:00;122,083333333333
"1984";"1011";2015-10-23 21:45:00;244,166666666667
"1985";"1011";2015-10-26 21:45:00;24,4166666666667
"1986";"1011";2015-10-27 21:45:00;97,6666666666667
"1987";"1011";2015-10-15 21:45:00;170,916666666667
"1988";"1011";2015-10-13 21:45:00;146,5
"1989";"1011";2015-10-29 21:45:00;244,166666666667
"1990";"1011";2015-10-08 21:45:00;170,916666666667
"1991";"1011";2015-10-12 21:45:00;219,75
"1992";"1011";2015-10-21 21:45:00;195,333333333333
"1993";"1011";2015-10-30 21:45:00;146,5
"1994";"1011";2015-10-19 21:45:00;268,583333333333
"1995";"1011";2015-10-14 21:45:00;170,916666666667
"1996";"1011";2015-10-24 21:45:00;73,25
"1997";"1011";2015-10-10 21:45:00;122,083333333333
"1998";"1011";2015-10-16 21:45:00;366,25
"1999";"1011";2015-10-20 21:45:00;122,083333333333
"2000";"1011";2015-10-25 21:45:00;73,25
"2001";"1011";2015-10-22 21:45:00;146,5
"2002";"1011";2015-10-28 21:45:00;73,25
"2003";"1011";2015-10-09 21:45:00;341,833333333333
"2004";"1011";2015-10-17 21:45:00;73,25
"2005";"1011";2015-10-11 22:00:00;136,8
"2006";"1011";2015-10-12 22:00:00;159,6
"2007";"1011";2015-10-27 22:00:00;22,8
"2008";"1011";2015-10-23 22:00:00;159,6
"2009";"1011";2015-10-31 22:00:00;114
"2010";"1011";2015-10-30 22:00:00;68,4
"2011";"1011";2015-10-15 22:00:00;205,2
"2012";"1011";2015-10-19 22:00:00;159,6
"2013";"1011";2015-10-24 22:00:00;22,8
"2014";"1011";2015-10-18 22:00:00;114
"2015";"1011";2015-10-09 22:00:00;273,6
"2016";"1011";2015-10-26 22:00:00;91,2
"2017";"1011";2015-10-14 22:00:00;91,2
"2018";"1011";2015-10-13 22:00:00;91,2
"2019";"1011";2015-10-20 22:00:00;159,6
"2020";"1011";2015-10-08 22:00:00;136,8
"2021";"1011";2015-10-16 22:00:00;205,2
"2022";"1011";2015-10-25 22:00:00;159,6
"2023";"1011";2015-10-21 22:00:00;136,8
"2024";"1011";2015-10-22 22:00:00;114
"2025";"1011";2015-10-29 22:00:00;91,2
"2026";"1011";2015-10-17 22:00:00;114
"2027";"1011";2015-10-10 22:00:00;45,6
"2028";"1011";2015-10-15 22:15:00;218,25
"2029";"1011";2015-10-20 22:15:00;145,5
"2030";"1011";2015-10-23 22:15:00;145,5
"2031";"1011";2015-10-31 22:15:00;72,75
"2032";"1011";2015-10-18 22:15:00;48,5
"2033";"1011";2015-10-22 22:15:00;145,5
"2034";"1011";2015-10-27 22:15:00;48,5
"2035";"1011";2015-10-11 22:15:00;97
"2036";"1011";2015-10-25 22:15:00;48,5
"2037";"1011";2015-10-28 22:15:00;97
"2038";"1011";2015-10-29 22:15:00;72,75
"2039";"1011";2015-10-12 22:15:00;291
"2040";"1011";2015-10-14 22:15:00;97
"2041";"1011";2015-10-24 22:15:00;72,75
"2042";"1011";2015-10-16 22:15:00;97
"2043";"1011";2015-10-08 22:15:00;169,75
"2044";"1011";2015-10-13 22:15:00;97
"2045";"1011";2015-10-21 22:15:00;72,75
"2046";"1011";2015-10-26 22:15:00;121,25
"2047";"1011";2015-10-10 22:15:00;97
"2048";"1011";2015-10-19 22:15:00;97
"2049";"1011";2015-10-30 22:15:00;97
"2050";"1011";2015-10-17 22:15:00;121,25
"2051";"1011";2015-10-09 22:15:00;145,5
"2052";"1011";2015-10-31 22:30:00;57,1607142857143
"2053";"1011";2015-10-18 22:30:00;57,1607142857143
"2054";"1011";2015-10-10 22:30:00;133,375
"2055";"1011";2015-10-14 22:30:00;76,2142857142857
"2056";"1011";2015-10-15 22:30:00;19,0535714285714
"2057";"1011";2015-10-22 22:30:00;133,375
"2058";"1011";2015-10-13 22:30:00;76,2142857142857
"2059";"1011";2015-10-11 22:30:00;114,321428571429
"2060";"1011";2015-10-27 22:30:00;133,375
"2061";"1011";2015-10-30 22:30:00;57,1607142857143
"2062";"1011";2015-10-19 22:30:00;76,2142857142857
"2063";"1011";2015-10-08 22:30:00;133,375
"2064";"1011";2015-10-24 22:30:00;19,0535714285714
"2065";"1011";2015-10-20 22:30:00;95,2678571428572
"2066";"1011";2015-10-25 22:30:00;133,375
"2067";"1011";2015-10-26 22:30:00;57,1607142857143
"2068";"1011";2015-10-21 22:30:00;152,428571428571
"2069";"1011";2015-10-28 22:30:00;114,321428571429
"2070";"1011";2015-10-09 22:30:00;95,2678571428572
"2071";"1011";2015-10-23 22:30:00;133,375
"2072";"1011";2015-10-17 22:30:00;57,1607142857143
"2073";"1011";2015-10-16 22:30:00;228,642857142857
"2074";"1011";2015-10-29 22:30:00;57,1607142857143
"2075";"1011";2015-10-12 22:30:00;19,0535714285714
"2076";"1011";2015-10-27 22:45:00;22,25
"2077";"1011";2015-10-14 22:45:00;66,75
"2078";"1011";2015-10-30 22:45:00;66,75
"2079";"1011";2015-10-10 22:45:00;200,25
"2080";"1011";2015-10-18 22:45:00;22,25
"2081";"1011";2015-10-19 22:45:00;133,5
"2082";"1011";2015-10-28 22:45:00;111,25
"2083";"1011";2015-10-20 22:45:00;44,5
"2084";"1011";2015-10-15 22:45:00;178
"2085";"1011";2015-10-11 22:45:00;111,25
"2086";"1011";2015-10-12 22:45:00;89
"2087";"1011";2015-10-21 22:45:00;111,25
"2088";"1011";2015-10-09 22:45:00;267
"2089";"1011";2015-10-31 22:45:00;111,25
"2090";"1011";2015-10-16 22:45:00;200,25
"2091";"1011";2015-10-25 22:45:00;111,25
"2092";"1011";2015-10-08 22:45:00;178
"2093";"1011";2015-10-13 22:45:00;22,25
"2094";"1011";2015-10-17 22:45:00;44,5
"2095";"1011";2015-10-29 22:45:00;66,75
"2096";"1011";2015-10-24 22:45:00;66,75
"2097";"1011";2015-10-23 22:45:00;178
"2098";"1011";2015-10-22 22:45:00;89
"2099";"1011";2015-10-13 23:00:00;24,0833333333333
"2100";"1011";2015-10-15 23:00:00;48,1666666666667
"2101";"1011";2015-10-14 23:00:00;48,1666666666667
"2102";"1011";2015-10-27 23:00:00;144,5
"2103";"1011";2015-10-18 23:00:00;96,3333333333333
"2104";"1011";2015-10-20 23:00:00;72,25
"2105";"1011";2015-10-17 23:00:00;48,1666666666667
"2106";"1011";2015-10-10 23:00:00;144,5
"2107";"1011";2015-10-19 23:00:00;24,0833333333333
"2108";"1011";2015-10-11 23:00:00;120,416666666667
"2109";"1011";2015-10-08 23:00:00;144,5
"2110";"1011";2015-10-28 23:00:00;72,25
"2111";"1011";2015-10-24 23:00:00;48,1666666666667
"2112";"1011";2015-10-09 23:00:00;96,3333333333333
"2113";"1011";2015-10-30 23:00:00;72,25
"2114";"1011";2015-10-23 23:00:00;72,25
"2115";"1011";2015-10-21 23:00:00;72,25
"2116";"1011";2015-10-16 23:00:00;72,25
"2117";"1011";2015-10-25 23:00:00;24,0833333333333
"2118";"1011";2015-10-26 23:00:00;24,0833333333333
"2119";"1011";2015-10-12 23:00:00;120,416666666667
"2120";"1011";2015-10-29 23:00:00;96,3333333333333
"2121";"1011";2015-10-22 23:00:00;48,1666666666667
"2122";"1011";2015-10-31 23:00:00;72,25
"2123";"1011";2015-10-18 23:15:00;16,3333333333333
"2124";"1011";2015-10-14 23:15:00;49
"2125";"1011";2015-10-10 23:15:00;16,3333333333333
"2126";"1011";2015-10-27 23:15:00;65,3333333333333
"2127";"1011";2015-10-28 23:15:00;65,3333333333333
"2128";"1011";2015-10-13 23:15:00;32,6666666666667
"2129";"1011";2015-10-24 23:15:00;32,6666666666667
"2130";"1011";2015-10-19 23:15:00;49
"2131";"1011";2015-10-21 23:15:00;81,6666666666667
"2132";"1011";2015-10-16 23:15:00;114,333333333333
"2133";"1011";2015-10-15 23:15:00;130,666666666667
"2134";"1011";2015-10-17 23:15:00;98
"2135";"1011";2015-10-30 23:15:00;49
"2136";"1011";2015-10-11 23:15:00;32,6666666666667
"2137";"1011";2015-10-20 23:15:00;114,333333333333
"2138";"1011";2015-10-26 23:15:00;49
"2139";"1011";2015-10-08 23:15:00;81,6666666666667
"2140";"1011";2015-10-23 23:15:00;98
"2141";"1011";2015-10-29 23:15:00;32,6666666666667
"2142";"1011";2015-10-22 23:15:00;32,6666666666667
"2143";"1011";2015-10-12 23:15:00;179,666666666667
"2144";"1011";2015-10-09 23:15:00;98
"2145";"1011";2015-10-31 23:15:00;32,6666666666667
"2146";"1011";2015-10-22 23:30:00;55,5
"2147";"1011";2015-10-13 23:30:00;55,5
"2148";"1011";2015-10-30 23:30:00;55,5
"2149";"1011";2015-10-15 23:30:00;92,5
"2150";"1011";2015-10-28 23:30:00;37
"2151";"1011";2015-10-10 23:30:00;92,5
"2152";"1011";2015-10-19 23:30:00;37
"2153";"1011";2015-10-16 23:30:00;166,5
"2154";"1011";2015-10-27 23:30:00;74
"2155";"1011";2015-10-09 23:30:00;92,5
"2156";"1011";2015-10-17 23:30:00;111
"2157";"1011";2015-10-14 23:30:00;37
"2158";"1011";2015-10-21 23:30:00;74
"2159";"1011";2015-10-11 23:30:00;74
"2160";"1011";2015-10-20 23:30:00;18,5
"2161";"1011";2015-10-18 23:30:00;37
"2162";"1011";2015-10-26 23:30:00;148
"2163";"1011";2015-10-08 23:30:00;18,5
"2164";"1011";2015-10-31 23:30:00;74
"2165";"1011";2015-10-24 23:30:00;55,5
"2166";"1011";2015-10-25 23:30:00;74
"2167";"1011";2015-10-23 23:30:00;37
"2168";"1011";2015-10-10 23:45:00;95
"2169";"1011";2015-10-16 23:45:00;19
"2170";"1011";2015-10-13 23:45:00;95
"2171";"1011";2015-10-08 23:45:00;57
"2172";"1011";2015-10-20 23:45:00;57
"2173";"1011";2015-10-25 23:45:00;57
"2174";"1011";2015-10-19 23:45:00;38
"2175";"1011";2015-10-17 23:45:00;57
"2176";"1011";2015-10-29 23:45:00;38
"2177";"1011";2015-10-26 23:45:00;57
"2178";"1011";2015-10-15 23:45:00;57
"2179";"1011";2015-10-09 23:45:00;95
"2180";"1011";2015-10-21 23:45:00;114
"2181";"1011";2015-10-24 23:45:00;19
"2182";"1011";2015-10-12 23:45:00;95
"2183";"1011";2015-10-28 23:45:00;57
"2184";"1011";2015-10-11 23:45:00;57
"2185";"1011";2015-10-14 23:45:00;38
"2186";"1011";2015-10-27 23:45:00;133
"2187";"1011";2015-10-22 23:45:00;19
"2188";"1011";2015-10-23 23:45:00;19
